"n_sorteo","indice_en_lista_ordenada","restriccion_id","restriccion_label","restriccion_tipo","restriccion_descripcion","restriccion_umbral","operacion_id","operacion_label","operacion_descripcion","chunk_ids","texto_e0_propio","texto_e0_heredado","el destino es el objeto del tope (sí / no / no decidible)","veredicto","justificación","destino_esperado","revision_autora"
"1","236","Restriccion_ponderador_de_riesgo_del_130_para_financiacion_especializada_de_grandes_proyecto_ac2f6a","Ponderador riesgo 130% — infraestructura etapa preoperativa","limite_cuantitativo","Ponderador de riesgo del 130% para financiación especializada de grandes proyectos de infraestructura en etapa preoperativa","130%","Operacion_financiacion_especializada_grandes_proyectos_infraestructura_91c15f","Financiación especializada grandes proyectos infraestructura","Financiación en la que la entidad financiera prestamista no considera los ingresos generales del deudor, sino los generados por un único proyecto como fuente de repago y respaldo del crédito.","cap::2.12.5.3","[cap::2.12.5.3] 2.12.5.3. Financiación especializada de grandes proyectos de infraes-
tructura. Etapa preoperativa. 130","[cap::2.12.5.3] Sección 2. Capital mínimo por riesgo de crédito. || A los efectos de la aplicación de las disposiciones de la presente sección, las entidades financieras
se clasificarán en:
i)Grupo 1: entidades calificadas por el BCRA como de importancia sistémica a nivel local || (D-SIB) y sucursales o subsidiarias de bancos del exterior calificados como de impor-
tancia sistémica global (G-SIB). || ii) Grupo 2: entidades financieras no comprendidas en el acápite i).
En aquellos casos en que no se establezcan disposiciones específicas para cada uno de los citados
grupos de entidades financieras, deberá aplicarse el mismo tratamiento a ambos grupos.
Las entidades financieras que presenten cambios en su calificación –conforme a lo previsto en los
acápites precedentes–, contarán con un plazo de 6 meses para aplicar las disposiciones específicas
correspondientes al nuevo grupo al que pertenezcan. || 2.12. Tabla de ponderadores de riesgo. || Concepto Ponderador || –en %– || 2.12.5. Exposiciones a empresas.","","sí","El ponderador se fija para «Financiación especializada de grandes proyectos de infraestructura. Etapa preoperativa. 130», dentro de «2.12.5. Exposiciones a empresas.»; la Operacion es esa financiación, y la etapa preoperativa queda en la Restriccion.","",""
"2","207","Restriccion_no_computar_los_conceptos_correspondientes_a_derivados_0cd729","Exclusión de derivados de exposiciones en activo","limite_cualitativo","No computar los conceptos correspondientes a derivados","","Operacion_exposiciones_en_el_activo_codigo_45110000_bb7888","Exposiciones en el activo — Código 45110000","Exposiciones en el activo a ser informadas en código 45110000, excluyendo derivados y operaciones de financiación con títulos valores","ric::10.1.4.1","[ric::10.1.4.1] 10.1.4.1. Código 45110000 (Exposiciones en el activo)
Se informarán las exposiciones en el activo siguiendo lo dispuesto en
los puntos 2.1. y 2.2.1. de las normas sobre “Ratio de apalancamiento”,
sin computar los conceptos correspondientes a derivados y
operaciones de financiación con títulos valores (SFT), a ser informados
en las partidas 45120000 y 45130000-.","[ric::10.1.4.1] Sección 10. Ratio de apalancamiento. || 10.1. Normas de procedimiento || 10.1.4. Medida de la exposición","","sí","El punto informa «las exposiciones en el activo» del código 45110000 «sin computar los conceptos correspondientes a derivados»; la exclusión acota esa medida, que es la Operacion.","",""
"3","113","Restriccion_exposiciones_o_tramos_no_cubiertos_por_coberturas_del_riesgo_de_credito_de_la_se_624e13","Ponderador 150% — exposiciones incumplidas sin cobertura, provisión <20%","limite_cuantitativo","Exposiciones o tramos no cubiertos por coberturas del riesgo de crédito de la Sección 5, no contempladas en el punto 2.12.9.1, con previsiones específicas menores al 20% del saldo pendiente. Ponderador: 150%.","150%","Operacion_ponderacion_de_exposiciones_incumplidas_835d02","Ponderación de exposiciones incumplidas","Asignación de ponderador de riesgo a exposiciones o tramos no cubiertos por coberturas del riesgo de crédito, según el nivel de previsión específica constituida respecto del saldo pendiente.","cap::2.12.9.2","[cap::2.12.9.2] 2.12.9.2. Exposiciones o tramos no cubiertos por coberturas del riesgo de
crédito de la Sección 5. no contempladas en el punto 2.12.9.1.
i) Con previsiones específicas menores al 20% del saldo pen-
diente. 150
ii) Con previsiones específicas iguales o mayores al 20% y me-
nores al 50% del saldo pendiente. 100
iii) Con previsiones específicas iguales o mayores al 50% del
saldo pendiente. 50","[cap::2.12.9.2] Sección 2. Capital mínimo por riesgo de crédito. || A los efectos de la aplicación de las disposiciones de la presente sección, las entidades financieras
se clasificarán en:
i)Grupo 1: entidades calificadas por el BCRA como de importancia sistémica a nivel local || (D-SIB) y sucursales o subsidiarias de bancos del exterior calificados como de impor-
tancia sistémica global (G-SIB). || ii) Grupo 2: entidades financieras no comprendidas en el acápite i).
En aquellos casos en que no se establezcan disposiciones específicas para cada uno de los citados
grupos de entidades financieras, deberá aplicarse el mismo tratamiento a ambos grupos.
Las entidades financieras que presenten cambios en su calificación –conforme a lo previsto en los
acápites precedentes–, contarán con un plazo de 6 meses para aplicar las disposiciones específicas
correspondientes al nuevo grupo al que pertenezcan. || 2.12. Tabla de ponderadores de riesgo. || Concepto Ponderador || –en %– || 2.12.9. Exposiciones en situación de incumplimiento.","","sí","El 150 corresponde a «Con previsiones específicas menores al 20% del saldo pendiente. 150», dentro de «Exposiciones o tramos no cubiertos por coberturas del riesgo de crédito de la Sección 5.»; la Operacion es la ponderación de esas exposiciones.","",""
"4","157","Restriccion_las_calificaciones_crediticias_efectuadas_por_ecai_solo_podran_ser_utilizadas_pa_9bdc22","ECAI elegible — utilización calificaciones","limite_cualitativo","Las calificaciones crediticias efectuadas por ECAI sólo podrán ser utilizadas para la determinación del ponderador de riesgo cuando la ECAI que las efectuó sea elegible conforme a las disposiciones de esta Sección","","Operacion_utilizacion_de_calificaciones_crediticias_ecai_4d0878","Utilización de calificaciones crediticias ECAI","Utilización de calificaciones crediticias efectuadas por ECAI para la determinación del ponderador de riesgo de una exposición","cap::10.1","[cap::10.1] 10.1. Disposiciones generales.
Las calificaciones crediticias efectuadas por entidades que sean agentes de calificación ex-
terna (“External Credit Assessment Institution”, ECAI) sólo podrán ser utilizadas para la de-
terminación del ponderador de riesgo de una exposición cuando la ECAI que las efectuó sea
elegible conforme a las disposiciones de esta Sección.
Las entidades financieras, a través de sus responsables del área de riesgos, deberán informar
las ECAI elegidas a la Gerencia de Supervisión de Entidades Financieras de la SEFyC que
corresponda, a la casilla de correo electrónico entidades.super@bcra.gob.ar.","[cap::10.1] Sección 10. Agentes de calificación externa (ECAI).","","sí","Las calificaciones «sólo podrán ser utilizadas para la determinación del ponderador de riesgo de una exposición cuando la ECAI que las efectuó sea elegible»; la restricción acota ese uso, que es la Operacion.","",""
"5","256","Restriccion_que_el_total_de_los_pagos_realizados_con_imputacion_a_la_oficializacion_de_impor_1be6bb","Tope de pagos no supera monto facturado","limite_cuantitativo","Que el total de los pagos realizados con imputación a la oficialización de importación, incluyendo el pago cuyo curso se está solicitando, no supera el monto facturado en la condición de compra pactada","","Operacion_pago_de_oficializacion_de_importacion_4ef9d5","Pago de oficialización de importación","Pago al exterior de oficializaciones de importación de bienes que cuentan con registro de ingreso aduanero comprendidas en el SEPAIMPO","ext::10.3.2.1","[ext::10.3.2.1] 10.3.2.1. Certifica en carácter de entidad encargada del seguimiento de la
oficialización que se cumplen las condiciones que se enuncian a
continuación o cuenta con una certificación para realizar el pago emitida
por la entidad que tiene tal responsabilidad
i) Cuenta con constancia del registro aduanero del ingreso al país de
los bienes que originan el pago a cancelarse.
ii) Cuenta con copia de factura comercial emitida en el exterior a
nombre del cliente residente en el país, que efectúa la compra al
exterior, donde conste nombre y dirección del emisor, nombre del
importador argentino, la cantidad y descripción de la mercadería,
condición de venta y valor de la factura.
iii) Cuenta con copia del Documento de Transporte (Conocimiento de
Embarque – Carta de Porte – Guía Aérea).
iv) Que la información que surge de la factura comercial y del
Documento de Transporte sea consistente con la que figura en los
registros aduaneros, considerando las normas de declaración
aduanera aplicables.
v) Que la documentación presentada le permita establecer la fecha de
vencimiento de la obligación con el exterior por parte del importador
o, en su defecto, que la operación no tiene una fecha de vencimiento
pactada.
vi) Que, en caso de tratarse de operaciones financiadas, la
documentación presentada le permite calificar a la misma como una
deuda por importaciones de bienes según lo dispuesto en el punto
10.2.4.
vii) Que el total de los pagos realizados con imputación a la oficialización
de importación, incluyendo el pago cuyo curso se está solicitando, no
supera el monto facturado en la condición de compra pactada.
viii) Que el beneficiario del pago a realizar sea el proveedor del exterior o,
en su caso, la entidad financiera del exterior o la agencia oficial de
crédito que financió la compra al proveedor del exterior en la medida
que las operaciones encuadren como deuda comercial por
importaciones de bienes, o el no residente que compró el crédito al
acreedor comercial del exterior y en la medida que no se modifiquen
las condiciones en las que se otorgó el crédito.
ix) Cuenta con constancia de que la operación se encuentra declarada,
en caso de corresponder, en la última presentación vencida del
“Relevamiento de activos y pasivos externos”.
x) En el caso de importaciones oficializadas con anterioridad al
01/11/19, cuenta con una declaración jurada consignando el saldo de
deuda pendiente a la fecha, firmada por el importador o quien ejerza
su representación legal o un apoderado con facultades suficientes
para asumir este compromiso en nombre del importador.","[ext::10.3.2.1] Sección 10. Pagos de importaciones y otras compras de bienes en el exterior. || 10.3. Pagos de importaciones de bienes que cuentan con registro de ingreso aduanero. || 10.3.2. Requisitos de acceso para el pago de oficializaciones de importación comprendidas || en el SEPAIMPO.
La entidad interviniente podrá dar acceso al mercado de cambios para el pago al
exterior de importaciones de bienes que cuentan con registro de ingreso aduanero
que constan en el SEPAIMPO, en la medida que verifique previamente la totalidad de
los siguientes requisitos: || Los casos que no encuadren en lo expuesto precedentemente quedan sujetos a la
conformidad previa del BCRA, debiendo los pedidos ser canalizados por una entidad
autorizada a realizar este tipo de pagos.","","sí","El tope es «Que el total de los pagos realizados con imputación a la oficialización de importación, incluyendo el pago cuyo curso se está solicitando, no supera el monto facturado»; acota esos pagos, que son la Operacion.","",""
"6","214","Restriccion_para_exposiciones_a_bancos_multilaterales_de_desarrollo_bmd_con_calificacion_de__d7309c","Ponderador riesgo BMD — AAA a AA-","limite_cuantitativo","Para exposiciones a bancos multilaterales de desarrollo (BMD) con calificación de AAA hasta AA-, ponderador de riesgo del 20%","20%","Operacion_exposiciones_a_bancos_multilaterales_de_desarrollo_919e2d","Exposiciones a bancos multilaterales de desarrollo","Exposiciones de las entidades a bancos multilaterales de desarrollo (BMD)","cap::2.12.3.2","[cap::2.12.3.2] 2.12.3.2. Demás.
AAA A+ BBB+ BB+
Inferior a No
Calificación hasta hasta hasta hasta
B- calificado
AA- A- BBB- B-
Ponderador
20% 30% 50% 100% 150% 50%
de riesgo","[cap::2.12.3.2] Sección 2. Capital mínimo por riesgo de crédito. || A los efectos de la aplicación de las disposiciones de la presente sección, las entidades financieras
se clasificarán en:
i)Grupo 1: entidades calificadas por el BCRA como de importancia sistémica a nivel local || (D-SIB) y sucursales o subsidiarias de bancos del exterior calificados como de impor-
tancia sistémica global (G-SIB). || ii) Grupo 2: entidades financieras no comprendidas en el acápite i).
En aquellos casos en que no se establezcan disposiciones específicas para cada uno de los citados
grupos de entidades financieras, deberá aplicarse el mismo tratamiento a ambos grupos.
Las entidades financieras que presenten cambios en su calificación –conforme a lo previsto en los
acápites precedentes–, contarán con un plazo de 6 meses para aplicar las disposiciones específicas
correspondientes al nuevo grupo al que pertenezcan. || 2.12. Tabla de ponderadores de riesgo. || Concepto Ponderador || –en %– || 2.12.3. Exposiciones a bancos multilaterales de desarrollo (BMD).","","sí","El ponderador se fija para «2.12.3. Exposiciones a bancos multilaterales de desarrollo (BMD).» («2.12.3.2. Demás.»); la tabla está linealizada, pero el objeto sale del título del punto y la Operacion son esas exposiciones.","",""
"7","11","Restriccion_aplicar_ponderador_de_riesgo_del_1250_a_los_compromisos_no_desembolsados_con_ccp_bd4c8e","Ponderador 1250% — compromisos no desembolsados CCP no calificadas","limite_cuantitativo","Aplicar ponderador de riesgo del 1250% a los compromisos no desembolsados con CCP que no califican, según lo determine la SEFYC","1250%","Operacion_calculo_exigencia_capital_exposiciones_ccp_no_calificadas_7cf1a6","Cálculo exigencia capital — exposiciones CCP no calificadas","Calcular la exigencia de capital por exposiciones debidas a operaciones de negociación respecto de las CCP que no califican, considerando a estas CCP como entidades financieras","cap::4.3.4","[cap::4.3.4] 4.3.4. Exposiciones a otras entidades de contraparte central.
A los efectos de calcular la exigencia de capital por sus exposiciones debidas a
operaciones de negociación respecto de las CCP que no califican, la entidad
financiera deberá considerar a estas CCP como entidades financieras, siendo de
aplicación a ese efecto lo previsto en el punto 2.12.4.
Las entidades financieras deberán aplicar un ponderador de riesgo del 1250% a sus
aportes a los fondos de garantía para incumplimientos de las CCP que no califican. A
estos efectos, los citados aportes incluyen tanto a los integrados como a los
comprometidos que las entidades deban efectivizar en caso de que la CCP así lo
solicite. Las entidades deberán informar todo otro tipo de compromiso con las CCP y
su naturaleza, a fin de que la SEFYC determine el importe de los compromisos no
desembolsados a los que se deberá aplicar el ponderador de riesgo del 1250%.","[cap::4.3.4] Sección 4. Capital mínimo por riesgo de crédito de contraparte. || 4.3. Exigencia de capital por riesgo de crédito de contraparte en operaciones con entidades de || contraparte central.
Comprende a aquellas exposiciones de las entidades financieras con entidades de contrapar-
te central (CCP) que se originen en derivados OTC o negociados en mercados de valores y
en operaciones de financiación con títulos valores (“Securities Financing Transactions”, SFT)
y operaciones de liquidación diferida –definidas en el punto 4.2.–.
No están comprendidas las exposiciones originadas en operaciones al contado y que involu-
cren títulos valores, oro o moneda extranjera, cuya exigencia de capital se calculará conforme
a lo previsto en el punto 4.1.","","no","El 1250% se aplica «a sus aportes a los fondos de garantía para incumplimientos de las CCP que no califican» y a «los compromisos no desembolsados»; para las exposiciones por operaciones de negociación, que son la Operacion, el texto manda «considerar a estas CCP como entidades financieras».","Los compromisos no desembolsados con las CCP que no califican, cuyo importe determina la SEFYC.",""
"8","25","Restriccion_cuando_la_utilizacion_de_los_mecanismos_del_punto_7_9_redunde_en_un_monto_que_ex_99e0c9","Límite monto mecanismos punto 7.9","limite_cuantitativo","Cuando la utilización de los mecanismos del punto 7.9. redunde en un monto que exceda lo previsto en el presente punto, se genera un exceso.","","Operacion_cobro_de_exportaciones_regimen_fomento_decreto_234_21_8776a6","Cobro de exportaciones régimen fomento Decreto 234/21","Operaciones comprendidas en el régimen de fomento de inversión para las exportaciones (Decreto 234/21) que también encuadran en punto 7.9.","ext::7.10.6","[ext::7.10.6] 7.10.6. En caso de tratarse de operaciones comprendidas en el régimen de fomento de
inversión para las exportaciones (Decreto 234/21) que también encuadran en lo
previsto en el punto 7.9., los exportadores podrán utilizar los mecanismos previstos
en dicho punto en adición a lo previsto en los puntos 7.10.1. y 7.10.3.
Cuando la utilización de los mecanismos del punto 7.9. redunde en un monto que
exceda lo previsto en el presente punto, la entidad encargada del seguimiento deberá
tomar los montos en exceso a cuenta, y oportunamente descontarlos, de los
beneficios que le correspondan al cliente por el presente punto en futuros períodos
hasta alcanzar un monto equivalente al exceso registrado.","[ext::7.10.6] Sección 7. Cobros de exportaciones de bienes. || 7.10. Operaciones habilitadas para la aplicación de cobros de exportaciones de bienes en el marco || del régimen de fomento de inversión para las exportaciones (Decreto 234/21).","","sí","El tope acota el monto que resulta de «la utilización de los mecanismos del punto 7.9.» en las «operaciones comprendidas en el régimen de fomento de inversión para las exportaciones (Decreto 234/21) que también encuadran en lo previsto en el punto 7.9.», que son la Operacion.","",""
"9","141","Restriccion_la_exposicion_total_con_cada_contraparte_individual_unico_beneficiario_o_conjunt_8ce4f7","Límite 0,2% concentración individual","limite_cuantitativo","La exposición total con cada contraparte individual (único beneficiario o conjunto de contrapartes conectadas y asociadas a un único beneficiario, conforme a lo previsto en el punto 1.2.1. del TO sobre Grandes Exposiciones al Riesgo de Crédito) no deberá superar el 0,2% del total de las exposiciones minoristas normativas de la entidad, sin considerar las exposiciones en situación de incumplimiento previstas en el punto 2.10.","0,2%","Operacion_diversificacion_de_cartera_minorista_889e0d","Diversificación de cartera minorista","La cartera deberá estar diversificada conforme a límites de concentración por contraparte.","cap::2.8.3.2","[cap::2.8.3.2] 2.8.3.2. Concentración.
La cartera deberá estar diversificada. A tal efecto, la exposición total con cada
contraparte individual (único beneficiario o conjunto de contrapartes conectadas
y asociadas a un único beneficiario, conforme a lo previsto en el punto 1.2.1.
del TO sobre Grandes Exposiciones al Riesgo de Crédito) no deberá superar el
0,2% del total de las exposiciones minoristas normativas de la entidad, sin con-
siderar las exposiciones en situación de incumplimiento previstas en el punto
2.10.
A los fines de calcular el límite definido en el párrafo precedente, se aplicará el
citado porcentaje al saldo de las exposiciones minoristas normativas a fin del
mes anterior al mes al que se refieren los saldos que se utilizan para determinar
la exigencia. Las contrapartes individuales cuyo saldo de exposiciones compu-
tables a fin del mes referido en segundo término excedan ese límite, no podrán
ser computados dentro de las exposiciones minoristas normativas.
La exposición total será el monto bruto –sin computar las coberturas del riesgo
de crédito de la Sección 5.– de las exposiciones minoristas con la contraparte.
Las partidas fuera de balance se computarán luego de aplicar el factor de con-
versión crediticia (CCF) que corresponda.","[cap::2.8.3.2] Sección 2. Capital mínimo por riesgo de crédito. || A los efectos de la aplicación de las disposiciones de la presente sección, las entidades financieras
se clasificarán en:
i)Grupo 1: entidades calificadas por el BCRA como de importancia sistémica a nivel local || (D-SIB) y sucursales o subsidiarias de bancos del exterior calificados como de impor-
tancia sistémica global (G-SIB). || ii) Grupo 2: entidades financieras no comprendidas en el acápite i).
En aquellos casos en que no se establezcan disposiciones específicas para cada uno de los citados
grupos de entidades financieras, deberá aplicarse el mismo tratamiento a ambos grupos.
Las entidades financieras que presenten cambios en su calificación –conforme a lo previsto en los
acápites precedentes–, contarán con un plazo de 6 meses para aplicar las disposiciones específicas
correspondientes al nuevo grupo al que pertenezcan. || 2.8. Exposiciones minoristas. || 2.8.3. Exposiciones minoristas normativas. Criterios.","","no","El 0,2% acota «la exposición total con cada contraparte individual»; la Operacion nombra la diversificación de la cartera, que es el fin del tope («La cartera deberá estar diversificada. A tal efecto»), no lo que el tope acota.","La exposición total con cada contraparte individual dentro de las exposiciones minoristas normativas de la entidad.",""
"10","239","Restriccion_ponderador_de_riesgo_del_150_para_exposiciones_con_calificacion_crediticia_de_bb_02bcd5","Ponderador 150% — clasificación BB+ a B-","limite_cuantitativo","ponderador de riesgo del 150% para exposiciones con calificación crediticia de BB+ hasta B-","150%","Operacion_adquisicion_titulos_publicos_pesos_f76299","Adquisición títulos públicos pesos","adquisición de títulos públicos emitidos en pesos por la administración central","cap::2.12.2.8","[cap::2.12.2.8] 2.12.2.8. Al sector público no financiero provincial, municipal y/o de la
CABA por la adquisición de títulos públicos emitidos en pesos
por la administración central, cuando no cuenten con alguna de
las garantías establecidas en el punto 4.1.1. del TO sobre Fi-
nanciamiento al Sector Público no Financiero, conforme a la ca-
lificación crediticia asignada a la correspondiente jurisdicción.
AAA A+ BBB+ BB+
Inferior a No
Calificación hasta hasta hasta hasta
B- calificado
AA- A- BBB- B-
Ponderador
20% 50% 100% 150% 200% 200%
de riesgo","[cap::2.12.2.8] Sección 2. Capital mínimo por riesgo de crédito. || A los efectos de la aplicación de las disposiciones de la presente sección, las entidades financieras
se clasificarán en:
i)Grupo 1: entidades calificadas por el BCRA como de importancia sistémica a nivel local || (D-SIB) y sucursales o subsidiarias de bancos del exterior calificados como de impor-
tancia sistémica global (G-SIB). || ii) Grupo 2: entidades financieras no comprendidas en el acápite i).
En aquellos casos en que no se establezcan disposiciones específicas para cada uno de los citados
grupos de entidades financieras, deberá aplicarse el mismo tratamiento a ambos grupos.
Las entidades financieras que presenten cambios en su calificación –conforme a lo previsto en los
acápites precedentes–, contarán con un plazo de 6 meses para aplicar las disposiciones específicas
correspondientes al nuevo grupo al que pertenezcan. || 2.12. Tabla de ponderadores de riesgo. || Concepto Ponderador || –en %– || 2.12.2. Exposición a gobiernos y bancos centrales.","","sí","El ponderador se fija para las exposiciones «por la adquisición de títulos públicos emitidos en pesos por la administración central»; la tabla está linealizada, pero el objeto sale del título del punto y la Operacion es esa adquisición.","",""
"11","220","Restriccion_ponderador_de_riesgo_100_para_calificaciones_de_bb_hasta_b_ed3743","Ponderador riesgo BB+-B-","limite_cuantitativo","Ponderador de riesgo 100% para calificaciones de BB+ hasta B-","100%","Operacion_exposicion_a_otros_estados_soberanos_bec787","Exposición a otros estados soberanos","Exposición a otros estados soberanos o sus bancos centrales","cap::2.12.2.5","[cap::2.12.2.5] 2.12.2.5. A otros estados soberanos (o sus bancos centrales).
AAA A+ BBB+ BB+
Inferior a No
Calificación hasta hasta hasta hasta
B- calificado
AA- A- BBB- B-
Ponderador
0% 20% 50% 100% 150% 100%
de riesgo","[cap::2.12.2.5] Sección 2. Capital mínimo por riesgo de crédito. || A los efectos de la aplicación de las disposiciones de la presente sección, las entidades financieras
se clasificarán en:
i)Grupo 1: entidades calificadas por el BCRA como de importancia sistémica a nivel local || (D-SIB) y sucursales o subsidiarias de bancos del exterior calificados como de impor-
tancia sistémica global (G-SIB). || ii) Grupo 2: entidades financieras no comprendidas en el acápite i).
En aquellos casos en que no se establezcan disposiciones específicas para cada uno de los citados
grupos de entidades financieras, deberá aplicarse el mismo tratamiento a ambos grupos.
Las entidades financieras que presenten cambios en su calificación –conforme a lo previsto en los
acápites precedentes–, contarán con un plazo de 6 meses para aplicar las disposiciones específicas
correspondientes al nuevo grupo al que pertenezcan. || 2.12. Tabla de ponderadores de riesgo. || Concepto Ponderador || –en %– || 2.12.2. Exposición a gobiernos y bancos centrales.","","sí","El ponderador se fija para «2.12.2.5. A otros estados soberanos (o sus bancos centrales).»; la tabla está linealizada, pero el objeto sale del título del punto y la Operacion es esa exposición.","",""
"12","13","Restriccion_banco_de_pagos_internacionales_fondo_monetario_internacional_banco_central_europ_7a898d","Ponderador 1% — BPI, FMI, BCE, CE, BMD plazo 6-24 meses","limite_cuantitativo","Banco de Pagos Internacionales, Fondo Monetario Internacional, Banco Central Europeo, Comunidad Europea y Bancos multilaterales de desarrollo del punto 2.12.3.1, con plazo residual > 6 meses y ≤ 24 meses: exigencia de capital por riesgo específico 1%.","1%","Operacion_calculo_de_exigencia_de_capital_por_riesgo_especifico_de_emisor_d04ead","Cálculo de exigencia de capital por riesgo específico de emisor","Las exigencias de capital por riesgo específico en concepto de riesgo de emisor serán las siguientes: 0,25% para BCRA, Gobierno Nacional, gobiernos provinciales, municipales y de la CABA en pesos con plazo residual ≤ 6 meses; 1% para Banco de Pagos Internacionales, FMI, Banco Central Europeo, Comunidad Europea y BMD con plazo residual > 6 y ≤ 24 meses; 1,6% para los mismos con plazo > 24 meses; 8% para BCRA y sector público no financiero (demás); 8% para otros soberanos y sus bancos centrales; 8% para entidades financieras; 8% para instrumentos con oferta pública autorizada emitidos por empresas y otras personas jurídicas del país y del exterior (incluyendo entidades cambiarias, aseguradoras, agentes regulados por la CNV y fiduciarios de fideicomisos no financieros); 12% para sector privado no financiero (demás).","cap::6.2.1.1","[cap::6.2.1.1] 6.2.1.1. Las exigencias de capital por riesgo específico en concepto de riesgo de emisor
serán las siguientes:
Exigencia de capital
Emisor
por riesgo específico
BCRA, Gobierno Nacional, gobiernos
Plazo residual
0,25%
provinciales, municipales y de la CABA
≤ 6 meses
en pesos, cuando su fuente de fondos
sea en esa moneda.
Plazo residual
1% > 6 meses y ≤
Banco de Pagos Internacionales, Fondo
24 meses
Monetario Internacional, Banco Central
Europeo y Comunidad Europea y Bancos
multilaterales de desarrollo del punto Plazo residual
1,6%
2.12.3.1. > 24 meses
BCRA y sector público no financiero.
8%
Demás.
Otros soberanos y sus bancos centrales. 8%
Entidades financieras. 8%
Instrumentos con oferta pública autoriza-
da emitidos por empresas y otras perso-
nas jurídicas del país y del exterior
–incluyendo entidades cambiarias, ase- 8%
guradoras, agentes regulados por la
CNV y fiduciarios de fideicomisos no
financieros–.
Sector privado no financiero. Demás. 12%
i) La categoría sector público no financiero tiene el alcance definido en la Sec-
ción 1. del TO sobre Financiamiento al Sector Público no Financiero.
ii) A las categorías “BCRA, Gobierno Nacional, gobiernos provinciales, muni-
cipales y de la Ciudad Autónoma de Buenos Aires”, “BCRA y sector público
no financiero. Demás” y “Otros soberanos y sus bancos centrales” se impu-
tarán todas las clases de títulos públicos e instrumentos de regulación o
política monetaria.","[cap::6.2.1.1] Sección 6. Capital mínimo por riesgo de mercado. || 6.2. Exigencia de capital por riesgo de tasa de interés. || La exigencia de capital por el riesgo de tasa de interés se deberá calcular respecto de los títu-
los de deuda y otros instrumentos imputados a la cartera de negociación, incluidas las accio-
nes preferidas no convertibles.
Un título valor vendido y recomprado a término en una operación de pase pasivo o en otro tipo
de operación de financiación con títulos valores se tratará como si todavía fuese propiedad de
la entidad cedente; es decir, recibirá el mismo tratamiento que un título en cartera.
Las acciones preferidas convertibles a un precio predeterminado en acciones ordinarias de la
emisora se tratarán según cómo se negocien, como títulos de deuda o como acciones.
La exigencia se obtendrá como la suma de dos exigencias calculadas por separado: una por
el riesgo específico de cada instrumento, ya sea que se trate de una posición vendida o com-
prada, y otra por el riesgo general de mercado –vinculado al efecto de cambios en la tasa de
interés sobre la cartera–, en la que se podrán compensar las posiciones compradas y vendi-
das en diferentes instrumentos.
Para los instrumentos derivados, serán de aplicación las disposiciones establecidas en el pun-
to 6.2.3. || 6.2.1. Exigencia de capital por riesgo específico. || La exigencia de capital por riesgo específico tiene por objeto proteger a la entidad ante
movimientos adversos en el precio de un título causados por factores relacionados con
su emisor. Para su cálculo, sólo se permitirá netear las posiciones opuestas respecto de
una misma especie, incluidas las posiciones en derivados.","","sí","El 1% es una de «Las exigencias de capital por riesgo específico en concepto de riesgo de emisor», para plazo residual de más de 6 y hasta 24 meses; la Operacion es el cálculo de esa exigencia, la magnitud que el valor fija, y la tabla linealizada no cambia el objeto.","",""
"13","20","Restriccion_cualquier_mecanismo_previsto_en_las_normas_cambiarias_que_tome_en_consideracion__26c1cd","Límite de cómputo de fondos — mecanismos con valor pendiente","limite_cualitativo","Cualquier mecanismo previsto en las normas cambiarias que tome en consideración el valor pendiente del endeudamiento y/o el valor de las próximas cuotas de capital o intereses sólo estará disponible para el VPU hasta la proporción de los fondos recibidos por la financiación que pueden computarse como ingresada y liquidada por el mercado de cambios.","","Operacion_financiacion_computada_como_ingresada_y_liquidada_6d2187","Financiación computada como ingresada y liquidada","Fondos obtenidos por las financiaciones comprendidas en los puntos 14.2.1.1. al 14.2.1.11., computados como ingresada y liquidada en el mercado de cambios.","ext::14.5.2","[ext::14.5.2] 14.5.2. Para el caso que el VPU no pudiese computar la totalidad de los fondos obtenidos
por las financiaciones comprendidas en los puntos 14.2.1.1. al 14.2.1.11. como
ingresada y liquidada en el mercado de cambios, que cualquier mecanismo previsto
en las normas cambiarias que tome en consideración el valor pendiente del
endeudamiento y/o el valor de las próximas cuotas de capital o intereses sólo estará
disponible para el VPU hasta la proporción de los fondos recibidos por la
financiación que pueden computarse como ingresada y liquidada por el mercado de
cambios.
De igual forma, cualquier mecanismo previsto en las normas cambiarias que tome
en consideración el valor de los aportes de inversión directa extranjera sólo estará
disponible para el VPU adherido hasta el valor que surja de la suma de los aportes
contemplados en los incisos i) y ii) del punto 14.2.2.","[ext::14.5.2] Sección 14. Disposiciones complementarias asociadas al Régimen de Incentivo para Grandes Inversiones (RIGI). || En esta sección se detallan las disposiciones complementarias en materia cambiaria que, en la
medida que las disposiciones generales no resulten más favorables, resultan aplicables a un
Vehículo de Proyecto Único (VPU) adherido al Régimen de Incentivo los referidas al “Régimen de
Incentivo para Grandes Inversiones” (RIGI) establecido en el Título VII de la Ley 27.742 y
reglamentado por el Decreto 749/24 y concordantes. || 14.5. Otras disposiciones.","","no","El tope acota la disponibilidad de «cualquier mecanismo previsto en las normas cambiarias que tome en consideración el valor pendiente del endeudamiento»; los fondos computados como ingresados y liquidados, que son la Operacion, son la base de la proporción («hasta la proporción de los fondos recibidos por la financiación»).","El uso por el VPU de los mecanismos cambiarios que toman en consideración el valor pendiente del endeudamiento y/o el valor de las próximas cuotas de capital o intereses.",""
"14","254","Restriccion_por_hasta_el_monto_proporcional_a_la_relacion_entre_el_monto_fob_total_en_divisa_5c9b52","Imputación limitada al monto proporcional FOB","limite_cuantitativo","Por hasta el monto proporcional a la relación entre el monto FOB total en divisas que figura en el despacho de reimportación de los bienes y el monto FOB total en divisas de la exportación que fue rechazada","monto proporcional (relación FOB reimportación / FOB exportación rechazada)","Operacion_reimportacion_mercaderia_rechazada_en_destino_c45172","Reimportación mercadería rechazada en destino","Reimportación de mercadería exportada que fue rechazada total o parcialmente en destino","ext::8.5.6","[ext::8.5.6] 8.5.6. Mercadería rechazada total o parcialmente en destino y reimportada.
Por hasta el monto proporcional a la relación entre el monto FOB total en divisas que
figura en el despacho de reimportación de los bienes y el monto FOB total en divisas
de la exportación que fue rechazada.
La entidad deberá contar con la correspondiente certificación de afectación emitida por
la entidad encargada del seguimiento en el SEPAIMPO (Sección 11.) del despacho por
la cual se produjo la reimportación de la mercadería exportada.
En caso de haberse imputado cobros de exportaciones y/o aplicaciones de divisas al
permiso original por la porción de la mercadería rechazada y posteriormente
reimportada, el monto que surge de la utilización de este mecanismo podrá ser
imputado al embarque por el cual se enviaron los bienes en reemplazo de la
mercadería rechazada.","[ext::8.5.6] Sección 8. Seguimiento de las negociaciones de divisas por exportaciones de bienes || 8.5. Otras imputaciones admitidas en el cumplimiento del seguimiento. || La entidad podrá considerar cumplimentado parcial o totalmente el seguimiento de un permiso
de embarque cuando cuente con los elementos que le permitan considerar que la operación
se encuentra en alguna de las situaciones detalladas a continuación y se verifiquen las
condiciones previstas en cada caso.
La documentación utilizada para certificar el concepto y monto de las divisas imputado en
cada caso deberá quedar archivada en la entidad a disposición del BCRA.","","no","El tope fija hasta qué monto «La entidad podrá considerar cumplimentado parcial o totalmente el seguimiento de un permiso de embarque» («Por hasta el monto proporcional»); la reimportación, que es la Operacion, es el supuesto que habilita la imputación, no lo acotado.","La imputación al cumplimiento del seguimiento del permiso de embarque de la exportación rechazada y reimportada.",""
"15","43","Restriccion_el_horizonte_temporal_de_riesgo_minimo_a_aplicar_a_dichas_exposiciones_sera_el_m_2e5d4e","Horizonte temporal mínimo 1 año o plazo residual","limite_cuantitativo","El horizonte temporal de riesgo mínimo a aplicar a dichas exposiciones será el menor entre 1 año y el plazo residual de la operación, con un plazo mínimo de 10 días hábiles","menor entre 1 año y plazo residual, mínimo 10 días hábiles","Operacion_operaciones_de_negociacion_con_ccp_44e6c1","Operaciones de negociación con CCP","Operaciones de derivados OTC o negociados en mercados de valores, operaciones de financiación con títulos valores (SFT) y operaciones de liquidación diferida realizadas entre miembros compensadores y entidades de contraparte central calificadas","cap::4.3.3.1","[cap::4.3.3.1] 4.3.3.1. Exposiciones por operaciones de negociación.
i) Exposiciones de los miembros compensadores con las CCP.
a) La entidad financiera que actúe en carácter de miembro compensa-
dor de una CCP por operaciones propias deberá aplicar un pondera-
dor de riesgo del 2 % a sus exposiciones con la CCP originadas en
operaciones de derivados –OTC o negociados en mercados de valo-
res–, de financiación con títulos valores (SFT) y de liquidación diferi-
da. Cuando la entidad financiera preste servicios de compensación a
clientes, aplicará el ponderador de riesgo del 2 % a la exposición con
la CCP que se origina si, en caso de incumplimiento de la CCP, la
entidad financiera se viera obligada –como miembro compensador a
reembolsar al cliente toda pérdida debido al cambio de valor de sus
transacciones. El ponderador de riesgo aplicado a los activos en ga-
rantía aportados por la entidad financiera a una CCP deberá determi-
narse de acuerdo con lo establecido en los párrafos primero a tercero
del acápite iv) del presente punto.
b) La exposición debida a dichas operaciones se calculará conforme al
enfoque estandarizado para el riesgo de crédito de contraparte (SA-
CCR) establecido en el punto 4.2. para los derivados OTC o negó
ciados en mercados de valores y operaciones de liquidación diferida,
y a lo previsto en la Sección 5. para las SFT.
No se aplicará el plazo mínimo de veinte días hábiles para el cálculo
del período de riesgo de margen (MPOR) de los conjuntos de neteo
en los que se verifiquen más de 5.000 operaciones en la medida en
que no existan disputas pendientes y que dicho conjunto no contenga
garantías ilíquidas u operaciones exóticas. Idéntico criterio se aplica-
rá para la determinación del período de mantenimiento mínimo (T )
M
utilizado en el cálculo de los aforos de las SFT previsto en el punto
5.3.2.3.
En todos los casos, se utilizará un MPOR mínimo de 10 días para el
cálculo de las exposiciones a una CCP por operaciones de derivados
OTC.
Cuando la CCP reciba el margen de variación de una operación y el
activo propiedad del miembro compensador no esté protegido contra
la insolvencia de la CCP, el horizonte temporal de riesgo mínimo a
aplicar a dichas exposiciones será el menor entre 1 año y el plazo re-
sidual de la operación, con un plazo mínimo de 10 días hábiles.
c) En las operaciones con CCP radicadas en jurisdicciones en las cua-
les la liquidación por saldos netos en caso de incumplimiento tenga
validez legal y con independencia de si la contraparte es insolvente o
se ha declarado en quiebra, el costo de reposición total de todos los
contratos relevantes para determinar la exposición por operaciones
podrá calcularse como un costo de reposición neto, siempre que el
conjunto de operaciones compensables aplicable a dicha liquidación
cumpla con los requisitos que en materia de validez legal se estable-
cen en: i. el punto 5.3.2.5. para las SFT y ii. el acápite ii) del punto
4.2.1.1. en el caso de las operaciones con derivados.
En la medida en que las disposiciones antes referidas contengan la
expresión “acuerdo marco de neteo” o la frase “un contrato de neteo
con una contraparte u otro acuerdo”, deberá interpretarse que incluye
a todo acuerdo de neteo con validez legal que reconozca derechos
de compensación legalmente exigibles. Si la entidad financiera no
pudiese demostrar que los acuerdos de neteo cumplen estos reque-
rimientos, cada transacción individual se considerará como un con-
junto de neteo en sí misma a los efectos de calcular la exposición por
operaciones.
ii) Exposiciones de los miembros compensadores con sus clientes.
El miembro compensador considerará su exposición con un cliente
–incluyendo la potencial exposición al riesgo CVA– como una operación
bilateral, independientemente de que el miembro compensador garantice
la operación o actúe como un intermediario entre el cliente y la CCP. Sin
embargo, como el período de liquidación (close-out) para las operaciones
compensadas de los clientes es más corto, los miembros compensado-
res podrán calcular la exigencia por la exposición a sus
clientes aplicando un período de riesgo de margen que sea, como mí-
nimo, de 5 días. La EAD reducida se utilizará también para el cálculo
del ajuste de valuación de crédito –CVA– establecido en el punto 4.2.3.
Si un miembro compensador recibe activos en garantía por las opera-
ciones a compensar del cliente y las transfiere a la CCP, el miembro
compensador podrá reconocer esta garantía tanto para el tramo CCP-
miembro compensador como para el tramo miembro compensador-
cliente de la operación. El margen inicial aportado por los clientes al
miembro compensador mitigará su exposición respecto de sus clientes.
Similar tratamiento se aplicará a las estructuras multinivel de clientes
–entre clientes de nivel superior e inferior–.
iii) Exposiciones de los clientes.
Si la entidad financiera es cliente de un miembro compensador y realiza
una transacción en la que el miembro compensador actúa como inter-
mediario financiero –es decir, el miembro compensador realiza una
transacción con la CCP por indicación del cliente–, la exposición de la
entidad financiera hacia el miembro compensador podrá recibir el trata-
miento del acápite i) precedente, siempre que se cumplan las siguientes
condiciones:
a) La CCP identifica a las transacciones a compensar como transac-
ciones de clientes y las garantías que las amparan son mantenidas
por la CCP y/o el miembro compensador, según sea el caso, bajo
acuerdos que impiden que el cliente sufra pérdidas debido a: i. la
falta de pago o la insolvencia del miembro compensador; ii. la falta
de pago o la insolvencia de los demás clientes del miembro com-
pensador; y iii. la falta de pago o la insolvencia conjuntas del miem-
bro compensador y cualquiera de sus otros clientes. Esto implica
que, en caso de impago o insolvencia del miembro compensador,
no habrá impedimentos legales –salvo la necesidad de obtener una
orden judicial, a la cual el cliente tiene derecho– para transferir la
garantía que pertenece a los clientes de ese miembro compensador
a la CCP, a otro u otros miembros compensadores, al cliente o a
quien éste designe.
El cliente deberá haber realizado una revisión legal adecuada –y
llevar a cabo esas revisiones cuando sea necesario a fin de asegu-
rar una continua aplicabilidad– y contar con fundamentos que per-
mitan concluir que esos acuerdos serán legales, válidos, vinculan-
tes y exigibles bajo las leyes aplicables en la/s jurisdicción/es rele-
vante/s.
b) Las leyes, regulaciones y acuerdos contractuales o administrativos
aplicables hacen que sea altamente probable la portabilidad de las
transacciones. Esto es que las transacciones compensadoras reali-
zadas a través del miembro compensador en situación de impago o
insolvencia serán concluidas indirectamente a través de la CCP o por
la CCP. En tal caso, las posiciones y garantías del cliente con la CCP
serán transferidas a valor de mercado, a menos que el cliente peti-
cione cerrar las posiciones a valor de mercado.
Idénticas condiciones se deberán cumplir para que la entidad financiera
dé ese tratamiento a su exposición con una CCP por transacciones reali-
zadas en calidad de cliente en las que su cumplimiento es garantizado
por un miembro compensador y para las exposiciones de los clientes de
nivel inferior con los clientes de nivel superior en las estructuras multini-
veles, siempre que en todos los niveles de los clientes involucrados se
cumplan las dos condiciones de este acápite.
Cuando el cliente no esté protegido de sufrir pérdidas en caso de falta de
pago o insolvencia conjunta del miembro compensador y alguno de sus
clientes, pero se cumplan todas las restantes condiciones anteriormente
expuestas, la exposición del cliente con el miembro compensador o fren-
te al cliente de mayor nivel, respectivamente, recibirá un ponderador de
riesgo del 4%.
Cuando la entidad financiera sea cliente del miembro compensador y no
se cumplan estos requisitos, la exposición con el miembro compensador,
incluida –de corresponder– la exposición potencial por riesgo CVA, se
deberá tratar como una operación bilateral.
iv) Tratamiento de las garantías.
Todo activo que la entidad financiera constituya en garantía de estas
operaciones recibirá el ponderador que le corresponda de acuerdo con lo
previsto en estas normas, considerando a ese efecto qué tratamiento
–cartera de negociación o de inversión– hubiera recibido en caso de no
haber sido depositado en la CCP. Cuando los activos de un miembro
compensador o cliente se coloquen en garantía a favor de una CCP o
miembro compensador, pero de modo que no queden protegidos de su
quiebra, la entidad financiera que constituye la garantía deberá reconocer
además el riesgo de crédito que se deriva de la posibilidad de sufrir pér-
didas por la calidad crediticia de la entidad que recibe los activos en ga-
rantía. Es decir que, independientemente de la cartera a la que estén
asignados, los activos constituidos en garantía estarán sujetos también al
requisito de riesgo de crédito de contraparte (SA-CCR) establecido en el
punto 4.2., incluido el incremento por los aforos descriptos en el punto
5.3.2.3., computados de acuerdo con lo previsto en el acápite v) del pun-
to 4.2.1.1.
Cuando la entidad que reciba los activos en garantía sea la CCP, se
aplicará un ponderador del 2 % a las garantías incluidas en la definición
de exposición por operaciones. El ponderador de riesgo correspondien-
te a la CCP se aplicará a los activos o las garantías aportados para
otros fines. La garantía depositada que no esté resguardada en caso de
quiebra deberá ser considerada para el Monto Neto de Garantía Inde-
pendiente (NICA) previsto en el acápite v) del punto 4.2.1.1.
La garantía constituida por el miembro compensador –incluyendo efec-
tivo, títulos valores y otros activos constituidos como garantías, así co-
mo los excesos a los márgenes inicial o de variación– mantenida por un
custodio y protegida de la quiebra de la CCP, no está sujeta a la exi-
gencia de capital por la exposición al riesgo de crédito de contraparte
–esto es, el ponderador de riesgo o la EAD es igual a cero–. A ese efec-
to, se entiende por custodio a un fiduciario o agente que mantenga los
activos bajo un título que no le acuerde ni al custodio ni a sus acreedo-
res un derecho o participación sobre ellos y que garantice que no se
podrá obstaculizar judicialmente la devolución de los activos en caso de
quiebra o insolvencia del custodio.
La garantía constituida por un cliente, mantenida por un custodio y pro-
tegida de la quiebra de la CCP y del miembro compensador y sus otros
clientes no está sujeta a exigencia de capital por riesgo de crédito de
contraparte. Si la garantía es mantenida por la CCP y no está protegida
de su quiebra se le deberá aplicar el ponderador de riesgo del 2 % en
caso de que se cumplan las condiciones a) y b) del acápite iii), o del 4
% si se da el caso del anteúltimo párrafo del acápite iii).","[cap::4.3.3.1] Sección 4. Capital mínimo por riesgo de crédito de contraparte. || 4.3. Exigencia de capital por riesgo de crédito de contraparte en operaciones con entidades de || contraparte central.
Comprende a aquellas exposiciones de las entidades financieras con entidades de contrapar-
te central (CCP) que se originen en derivados OTC o negociados en mercados de valores y
en operaciones de financiación con títulos valores (“Securities Financing Transactions”, SFT)
y operaciones de liquidación diferida –definidas en el punto 4.2.–.
No están comprendidas las exposiciones originadas en operaciones al contado y que involu-
cren títulos valores, oro o moneda extranjera, cuya exigencia de capital se calculará conforme
a lo previsto en el punto 4.1. || 4.3.3. Exposiciones a entidades de contraparte central calificadas.","","sí","El mínimo se fija para «el horizonte temporal de riesgo mínimo a aplicar a dichas exposiciones», las del miembro compensador («sus exposiciones con la CCP originadas en operaciones de derivados», SFT y liquidación diferida); la Operacion son esas operaciones con la CCP.","",""
"16","90","Restriccion_el_valor_nominal_de_los_nuevos_titulos_entregados_en_concepto_de_prima_de_partic_1096cd","Límite 5% valor nominal títulos entregados","limite_cuantitativo","el valor nominal de los nuevos títulos entregados, en concepto de prima de participación, recompra o rescate anticipado o similar, no supere el equivalente al 5% (cinco por ciento) del valor de capital de la deuda efectivamente canjeada o recomprada","5%","Operacion_entrega_de_nuevos_titulos_en_canje_rescate_financiero_1bcf16","Entrega de nuevos títulos en canje/rescate financiero","entrega de nuevos títulos de deuda por un residente a sus acreedores como prima de participación, recompra, rescate anticipado o similar en marco de operación de canje, recompra y/o rescate anticipado de endeudamientos financieros","ext::3.5.1.6","[ext::3.5.1.6] 3.5.1.6. por la porción de los nuevos títulos de deuda que sean entregadas por un
residente a sus acreedores como prima de participación, recompra, rescate
anticipado o similar en el marco de una operación de canje, recompra y/o
rescate anticipado de endeudamientos financieros comprendidos en este
punto 3.5., en la medida que:
i) el valor nominal de los nuevos títulos entregados, en concepto de prima
de participación, recompra o rescate anticipado o similar, no supere el
equivalente al 5% (cinco por ciento) del valor de capital de la deuda
efectivamente canjeada o recomprada; y
ii) los nuevos títulos de deuda contemplen como mínimo 1 (un) año de
gracia para el pago de capital e impliquen una extensión mínima de 2
(dos) años respecto de la vida promedio del capital remanente de la
deuda canjeada o recomprada.","[ext::3.5.1.6] Sección 3. Disposiciones específicas para los egresos por el mercado de cambios || Las entidades previamente a dar acceso al mercado de cambio por las operaciones comprendidas
en los puntos 3.1. a 3.15. –incluyendo aquellas que se concreten a través de canjes o arbitrajes–,
adicionalmente a los requisitos y condiciones específicas detalladas en cada punto, deberán
cumplimentar los requisitos complementarios que constan en el punto 3.16. que resulten aplicables. || 3.5. Pagos de títulos de deuda suscriptos en el exterior y endeudamientos financieros con el || exterior.
Las entidades podrán dar acceso al mercado de cambios para realizar pagos de capital o
intereses de títulos de deuda con registro público en el exterior, otros endeudamientos
financieros con el exterior y títulos de deuda con registro público en el país denominados en
moneda extranjera íntegramente suscriptos en el exterior, en la medida que se verifiquen las
siguientes condiciones: || 3.5.1. El deudor demuestre el ingreso y liquidación de divisas en el mercado de cambios por || un monto equivalente al valor nominal del endeudamiento financiero.
Este requisito se considerará cumplimentado en los siguientes casos:","","sí","El tope acota «el valor nominal de los nuevos títulos entregados, en concepto de prima de participación, recompra o rescate anticipado o similar»; la Operacion es esa entrega de nuevos títulos.","",""
"17","272","Restriccion_si_el_cliente_utiliza_efectivo_el_monto_comprado_por_el_cliente_no_supere_el_equ_1d86b7","Tope USD 100 mensual efectivo con declaración jurada","limite_cuantitativo","Si el cliente utiliza efectivo, el monto comprado por el cliente no supere el equivalente a USD 100 (dólares estadounidenses cien) en el mes calendario en el conjunto de las entidades y por el conjunto de los conceptos señalados (códigos A07 y A09)","USD 100","Operacion_compra_moneda_extranjera_billetes_depositos_debito_cuenta_770928","Compra moneda extranjera billetes depósitos débito cuenta","Compra de moneda extranjera (billetes y/o depósitos) por personas humanas residentes con débito en cuenta en entidades financieras locales","ext::3.8.1","[ext::3.8.1] 3.8.1. La operación se curse con débito en cuenta del cliente en entidades financieras
locales.
Si el cliente utiliza efectivo el monto comprado por el cliente no supere el equivalente
a USD 100 (dólares estadounidenses cien) en el mes calendario en el conjunto de las
entidades y por el conjunto de los conceptos señalados. En este caso, la entidad
deberá contar con una declaración jurada del cliente en la cual deje constancia de
que cumple con el requisito mencionado precedentemente.","[ext::3.8.1] Sección 3. Disposiciones específicas para los egresos por el mercado de cambios || Las entidades previamente a dar acceso al mercado de cambio por las operaciones comprendidas
en los puntos 3.1. a 3.15. –incluyendo aquellas que se concreten a través de canjes o arbitrajes–,
adicionalmente a los requisitos y condiciones específicas detalladas en cada punto, deberán
cumplimentar los requisitos complementarios que constan en el punto 3.16. que resulten aplicables. || 3.8. Compra de moneda extranjera por parte de personas humanas residentes para la formación || de activos externos en forma de billetes y/o depósitos.
Las entidades podrán dar acceso al mercado de cambios a las personas humanas residentes
para la compra de billetes en moneda extranjera para su tenencia o para la constitución de
depósitos (códigos de concepto A07 y A09) en la medida que se cumplan la totalidad de los
siguientes requisitos:","","no","El tope rige «Si el cliente utiliza efectivo»; la Operacion es la compra cursada «con débito en cuenta del cliente», la modalidad que el punto exige y que la cláusula del tope no acota.","La compra de moneda extranjera (códigos A07 y A09) por personas humanas residentes cursada con efectivo.",""
"18","178","Restriccion_las_operaciones_de_pase_estaran_sujetas_a_un_ponderador_de_riesgo_del_0_cuando_l_363d73","Pase ponderador 0% — contraparte esencial","limite_cuantitativo","Las operaciones de pase estarán sujetas a un ponderador de riesgo del 0% cuando la contraparte sea un participante esencial del mercado y se satisfagan todas las condiciones: (a) exposición y activo en efectivo o títulos públicos con ponderador 0%; (b) misma moneda; (c) plazo un día hábil o valoración diaria con reposición diaria; (d) máximo cuatro días hábiles entre valuación previa y liquidación ante incumplimiento; (e) liquidación por sistema comprobado; (f) documentación estándar; (g) documentación contempla cancelabilidad inmediata; (h) derecho irrestricto de la entidad a tomar posesión y liquidar.","0%","Operacion_pase_con_ponderador_0_participante_esencial_85623e","Pase con ponderador 0% — participante esencial","Operación de pase cuya contraparte es un participante esencial del mercado, cubierta con efectivo o títulos valores emitidos por el sector público no financiero sujetos a ponderador de riesgo del 0%, en la misma moneda, con plazo de un día hábil o valoración diaria y reposición diaria de márgenes, liquidada mediante sistema comprobado con documentación estándar, inmediatamente cancelable ante incumplimiento, con derecho irrestricto de la entidad a tomar posesión y liquidar el activo.","cap::5.3.1.3","[cap::5.3.1.3] 5.3.1.3. Excepciones a la aplicación del ponderador de riesgo mínimo.
El ponderador de riesgo de la parte de la exposición cubierta podrá ser inferior
al 20% en los siguientes casos:
i) Las operaciones de pase estarán sujetas a un ponderador de riesgo del 0%
cuando la contraparte sea un “participante esencial del mercado” (punto
5.3.1.4.) y, además, se satisfaga la totalidad de las siguientes condiciones:
a) La exposición y el activo recibido en garantía consisten en efectivo o en
títulos valores emitidos por el sector público no financiero sujetos a un
ponderador de riesgo del 0%.
b) La exposición y el activo recibido en garantía estén denominados en la
misma moneda.
c) El plazo de vencimiento de la operación sea de un día hábil o bien la ex-
posición y el activo recibido en garantía se valúen diariamente a precios
de mercado y estén sujetos a liquidación/reposición diaria de márgenes.
d) Cuando una de las partes incumpla la liquidación/reposición de márge-
nes, el tiempo exigido entre la última valuación a precio de mercado pre-
via al incumplimiento y la liquidación del activo no supere los cuatro días
hábiles.
e) La operación se liquide a través de un sistema previamente comprobado
para este tipo de operaciones.
f) La documentación de la operación sea la documentación estándar para
las operaciones de pase con los títulos valores en cuestión.
g) La documentación de la operación contemple que, en el caso de que
una de las partes incumpla la obligación de entregar efectivo o títulos va-
lores o de reponer el margen o cualquier otra obligación, la operación se-
rá inmediatamente cancelable.
h) Ante cualquier evento de incumplimiento, la entidad financiera conserve
el derecho irrestricto y legalmente exigible de tomar inmediatamente po-
sesión del activo y liquidarlo para cobrar sus acreencias.
ii) Las operaciones de pase en las cuales la contraparte no sea un “participan-
te esencial del mercado” (punto 5.3.1.4.), pero que satisfagan las restantes
condiciones establecidas en el acápite i), estarán sujetas a un ponderador
de riesgo del 10%.
iii) Las operaciones en las que la exposición y el activo recibido en garantía es-
tén denominados en la misma moneda y el mencionado activo recibido sea
efectivo depositado en la entidad financiera, o títulos valores emitidos por el
sector público no financiero o instrumentos de regulación monetaria emitidos
por el BCRA a los que les corresponda un ponderador de riesgo del 0% y a
cuyo valor de mercado se le haya aplicado un aforo de al menos el 20%, es-
tarán sujetas a un ponderador de riesgo del 0%.","[cap::5.3.1.3] Sección 5. Cobertura del riesgo de crédito. || A los efectos del cómputo de la exigencia de capital por riesgo de crédito, se reconocerá –total o
parcialmente– la cobertura del riesgo de crédito (CRC) de las operaciones registradas en la cartera
de inversión –tales como préstamos y responsabilidades eventuales– mediante la utilización de las
técnicas previstas en el punto 5.1.
La presente sección contempla, además, el cálculo de la exposición a las operaciones de financia-
ción con títulos valores (securities financing transactions, SFT) –conforme a lo previsto en la Sec-
ción 4.–, registradas tanto en la cartera de inversión como en la cartera de negociación. || 5.3. Operaciones cubiertas con activos admitidos como garantía. || La aplicación de la técnica de cobertura mediante activos admitidos como garantía dependerá
del método elegido. || 5.3.1. Método simple. || Con este método, el ponderador de riesgo de la contraparte se sustituye por el pondera-
dor de riesgo del activo mediante el cual se cubre –parcial o totalmente– la exposición
–conforme a la tabla de ponderadores prevista en la Sección 2.–.","","sí","El valor se fija en «Las operaciones de pase estarán sujetas a un ponderador de riesgo del 0%» cuando la contraparte es participante esencial y se cumplen a) a h); la Operacion es ese pase.","",""
"19","39","Restriccion_el_activo_recibido_en_garantia_se_limitara_a_aquellos_listados_en_el_punto_5_3_1_196533","Activo garantía limitado a listado 5.3.1.2","limite_cualitativo","El activo recibido en garantía se limitará a aquellos listados en el punto 5.3.1.2","","Operacion_cobertura_riesgo_credito_activos_garantia_b15054","Cobertura riesgo crédito activos garantía","Operación de cobertura del riesgo de crédito mediante activos admitidos como garantía bajo el método simple","cap::5.3.1.1","[cap::5.3.1.1] 5.3.1.1. Aplicación.
Para que la CRC sea reconocida, la exposición deberá estar cubierta durante
todo el plazo de vencimiento contractual (no se admitirá el descalce de plazos
de vencimiento) y el activo recibido en garantía se limitará a aquellos listados
en el punto 5.3.1.2. y contar con una valuación a precios de mercado con una
frecuencia mínima mensual.
La parte de la exposición cubierta recibirá el ponderador de riesgo correspon-
diente al activo recibido en garantía, pero estará sujeta a un mínimo del 20%
–salvo lo dispuesto en el punto 5.3.1.3.–. A la parte no cubierta se le aplicará el
ponderador de riesgo que le corresponda según el tipo de exposición de que se
trate.
Se admitirá el descalce de monedas entre la exposición y el activo admitido
como garantía, pero en ese caso no será necesaria la aplicación de tratamiento
alguno.","[cap::5.3.1.1] Sección 5. Cobertura del riesgo de crédito. || A los efectos del cómputo de la exigencia de capital por riesgo de crédito, se reconocerá –total o
parcialmente– la cobertura del riesgo de crédito (CRC) de las operaciones registradas en la cartera
de inversión –tales como préstamos y responsabilidades eventuales– mediante la utilización de las
técnicas previstas en el punto 5.1.
La presente sección contempla, además, el cálculo de la exposición a las operaciones de financia-
ción con títulos valores (securities financing transactions, SFT) –conforme a lo previsto en la Sec-
ción 4.–, registradas tanto en la cartera de inversión como en la cartera de negociación. || 5.3. Operaciones cubiertas con activos admitidos como garantía. || La aplicación de la técnica de cobertura mediante activos admitidos como garantía dependerá
del método elegido. || 5.3.1. Método simple. || Con este método, el ponderador de riesgo de la contraparte se sustituye por el pondera-
dor de riesgo del activo mediante el cual se cubre –parcial o totalmente– la exposición
–conforme a la tabla de ponderadores prevista en la Sección 2.–.","","sí","«Para que la CRC sea reconocida», «el activo recibido en garantía se limitará a aquellos listados en el punto 5.3.1.2.»; la restricción acota la cobertura con activos en garantía, que es la Operacion.","",""
"20","192","Restriccion_los_adelantos_previstos_en_el_punto_3_2_5_de_las_normas_sobre_financiamiento_al__ab3d82","Plazo de cancelación — adelantos sector público no financiero","limite_cualitativo","Los adelantos previstos en el punto 3.2.5. de las normas sobre 'Financiamiento al sector público no financiero' deben ser cancelados en los plazos allí previstos.","","Operacion_asistencia_crediticia_otorgada_en_el_mes_ba9f08","Asistencia crediticia otorgada en el mes","Asistencia crediticia otorgada en el mes, con mayor saldo registrado durante ese período.","cap::8.4.1.16","[cap::8.4.1.16] 8.4.1.16. El mayor saldo de la asistencia crediticia otorgada en el mes, cuando los
adelantos previstos en el punto 3.2.5. de las normas sobre “Financiamiento al
sector público no financiero” superen el límite autorizado y/o no sean
cancelados en los plazos allí previstos.","[cap::8.4.1.16] Sección 8. Responsabilidad patrimonial computable. || 8.4. Conceptos deducibles. || 8.4.1. Conceptos deducibles del capital ordinario de nivel uno (CD ). || COn1","","no","El plazo de cancelación se refiere a «los adelantos previstos en el punto 3.2.5.»; la Operacion, «El mayor saldo de la asistencia crediticia otorgada en el mes», es el concepto deducible que se computa cuando los adelantos no se cancelan a tiempo, no lo que el plazo acota.","Los adelantos previstos en el punto 3.2.5. de las normas sobre Financiamiento al sector público no financiero.",""
"21","164","Restriccion_las_cuotas_de_todas_las_financiaciones_de_la_entidad_que_cuenten_con_sistema_de__7ebbfa","Límite 30% ingresos deudor — cuotas sistema amortización","limite_cuantitativo","Las cuotas de todas las financiaciones de la entidad que cuenten con sistema de amortización periódica no excedan, al momento de los acuerdos, del 30% de los ingresos del deudor y/o, en su caso, de los codeudores","30%","Operacion_financiacion_a_beneficiarios_seguridad_social_pesos_ponderador_0_ea42dd","Financiación a beneficiarios seguridad social — pesos — ponderador 0","Financiaciones otorgadas a beneficiarios de la seguridad social o a empleados públicos con código de descuento, denominadas en pesos, con fuente de fondos en esa moneda","cap::2.12.2.3","[cap::2.12.2.3] 2.12.2.3. Al sector público no financiero por financiaciones otorgadas a
beneficiarios de la seguridad social o a empleados públicos –en
ambos casos, con código de descuento–, en la medida que di-
chas operaciones estén denominadas en pesos, la fuente de
fondos sea en esa moneda y las cuotas de todas las financia-
ciones de la entidad que cuenten con sistema de amortización
periódica no excedan, al momento de los acuerdos, del 30% de
los ingresos del deudor y/o, en su caso, de los codeudores. 0","[cap::2.12.2.3] Sección 2. Capital mínimo por riesgo de crédito. || A los efectos de la aplicación de las disposiciones de la presente sección, las entidades financieras
se clasificarán en:
i)Grupo 1: entidades calificadas por el BCRA como de importancia sistémica a nivel local || (D-SIB) y sucursales o subsidiarias de bancos del exterior calificados como de impor-
tancia sistémica global (G-SIB). || ii) Grupo 2: entidades financieras no comprendidas en el acápite i).
En aquellos casos en que no se establezcan disposiciones específicas para cada uno de los citados
grupos de entidades financieras, deberá aplicarse el mismo tratamiento a ambos grupos.
Las entidades financieras que presenten cambios en su calificación –conforme a lo previsto en los
acápites precedentes–, contarán con un plazo de 6 meses para aplicar las disposiciones específicas
correspondientes al nuevo grupo al que pertenezcan. || 2.12. Tabla de ponderadores de riesgo. || Concepto Ponderador || –en %– || 2.12.2. Exposición a gobiernos y bancos centrales.","","sí","El 30% acota «las cuotas de todas las financiaciones de la entidad que cuenten con sistema de amortización periódica» frente a los ingresos del deudor, como condición del ponderador 0; la Operacion son esas financiaciones, aunque el tope suma también las demás financiaciones de la entidad al mismo deudor.","",""
"22","33","Restriccion_demas_exposiciones_a_entidades_financieras_ponderador_100_d9b923","Ponderador 100% exposiciones demás","limite_cuantitativo","Demás exposiciones a entidades financieras. Ponderador 100%.","100","Operacion_exposicion_a_entidades_financieras_demas_9e45d0","Exposición a entidades financieras demás","Demás exposiciones a entidades financieras del grupo 2.","cap::2.12.4.2","[cap::2.12.4.2] 2.12.4.2. Exposición a entidades financieras por parte de entidades fi-
nancieras del grupo 2.
i) Exposiciones de corto plazo. 20
ii) Demás. 100","[cap::2.12.4.2] Sección 2. Capital mínimo por riesgo de crédito. || A los efectos de la aplicación de las disposiciones de la presente sección, las entidades financieras
se clasificarán en:
i)Grupo 1: entidades calificadas por el BCRA como de importancia sistémica a nivel local || (D-SIB) y sucursales o subsidiarias de bancos del exterior calificados como de impor-
tancia sistémica global (G-SIB). || ii) Grupo 2: entidades financieras no comprendidas en el acápite i).
En aquellos casos en que no se establezcan disposiciones específicas para cada uno de los citados
grupos de entidades financieras, deberá aplicarse el mismo tratamiento a ambos grupos.
Las entidades financieras que presenten cambios en su calificación –conforme a lo previsto en los
acápites precedentes–, contarán con un plazo de 6 meses para aplicar las disposiciones específicas
correspondientes al nuevo grupo al que pertenezcan. || 2.12. Tabla de ponderadores de riesgo. || Concepto Ponderador || –en %– || 2.12.4. Exposición a entidades financieras.","","sí","El 100 corresponde a «ii) Demás. 100», dentro de «Exposición a entidades financieras por parte de entidades financieras del grupo 2.»; la Operacion son esas demás exposiciones.","",""
"23","206","Restriccion_no_computar_las_operaciones_de_financiacion_con_titulos_valores_sft_96b61c","Exclusión de operaciones SFT de exposiciones en activo","limite_cualitativo","No computar las operaciones de financiación con títulos valores (SFT)","","Operacion_exposiciones_en_el_activo_codigo_45110000_bb7888","Exposiciones en el activo — Código 45110000","Exposiciones en el activo a ser informadas en código 45110000, excluyendo derivados y operaciones de financiación con títulos valores","ric::10.1.4.1","[ric::10.1.4.1] 10.1.4.1. Código 45110000 (Exposiciones en el activo)
Se informarán las exposiciones en el activo siguiendo lo dispuesto en
los puntos 2.1. y 2.2.1. de las normas sobre “Ratio de apalancamiento”,
sin computar los conceptos correspondientes a derivados y
operaciones de financiación con títulos valores (SFT), a ser informados
en las partidas 45120000 y 45130000-.","[ric::10.1.4.1] Sección 10. Ratio de apalancamiento. || 10.1. Normas de procedimiento || 10.1.4. Medida de la exposición","","sí","El punto informa «las exposiciones en el activo» del código 45110000 sin computar las «operaciones de financiación con títulos valores (SFT)»; la exclusión acota esa medida, que es la Operacion.","",""
"24","23","Restriccion_cuando_la_medida_de_riesgo_de_tasa_de_interes_eve_estandarizada_supere_el_15_del_9d0853","Umbral 15% capital nivel 1 — riesgo EVE","limite_cuantitativo","Cuando la medida de riesgo de tasa de interés (EVE estandarizada) supere el 15 % del nivel de capital 1, la entidad será identificada como una 'entidad atípica'.","15%","Operacion_calculo_riesgo_tasa_interes_cartera_eve_estandarizada_9d4104","Cálculo riesgo tasa interés cartera — EVE estandarizada","Cálculo del riesgo de tasa de interés en la cartera de inversión según la Medida de riesgo EVE estandarizada (relevado solo el último mes de cada trimestre). Se consigna el importe máximo de los registrados en las partidas 3650000X (máxima pérdida para los 6 escenarios posibles).","ric::8.1.2","[ric::8.1.2] 8.1.2. Código 70500000.
Cálculo del riesgo de tasa de interés en la cartera de inversión - Medida de riesgo EVE
estandarizada (sólo se informa el último mes de cada trimestre).
Se consignará el importe máximo de los registrados en las partidas 3650000X, es decir,
se toma la máxima pérdida registrada para los 6 escenarios posibles. Esta partida siem-
pre será positiva (punto 5.4.4.4. de las normas sobre “Lineamientos para la gestión de
riesgos en las entidades financieras”).
Cuando esta medida supere el 15 % del nivel de capital 1, se identificará a la entidad
como una “entidad atípica” y la SEFyC podrá exigirle la adopción de medidas específicas
(según lo establecido en el punto 5.6. de las normas sobre “Lineamientos para la gestión
de riesgos en las entidades financieras”).","[ric::8.1.2] Sección 8. Totales de control. || 8.1. Normas de procedimiento.","","sí","El umbral se compara con la medida del código: «Cuando esta medida supere el 15 % del nivel de capital 1»; la Operacion es el cálculo de esa medida EVE estandarizada, la magnitud que el umbral acota.","",""
"25","124","Restriccion_la_deuda_del_cliente_por_todo_concepto_mas_el_importe_de_la_financiacion_solicit_5fe2f9","Umbral deuda 2,5% — clasificación irrecuperable","limite_cuantitativo","La deuda del cliente (por todo concepto) más el importe de la financiación solicitada al momento del otorgamiento no deberá exceder del 2,5% de la responsabilidad patrimonial computable de la entidad del último día del mes anterior, o el equivalente al importe de referencia establecido en el punto 3.7, de ambos el menor","2,5%","Operacion_clasificacion_irrecuperable_clientes_sector_privado_ed7193","Clasificación irrecuperable — clientes sector privado","Clasificación en categoría de irrecuperable de clientes del sector privado no financiero cuya deuda más financiación solicitada exceda del 2,5% de la responsabilidad patrimonial computable o el importe de referencia del punto 3.7, el menor","cla::6.5.5.9","[cla::6.5.5.9] 6.5.5.9. Clientes del sector privado no financiero, cuya deuda (por todo concepto) más el
importe de la financiación solicitada, al momento del otorgamiento de ésta, exce-
da del 2,5 % de la responsabilidad patrimonial computable de la entidad del últi-
mo día del mes anterior al que corresponda o el equivalente al importe de refe-
rencia establecido en el punto 3.7., de ambos el menor, y que no hayan presen-
tado declaración jurada sobre si revisten o no el carácter de vinculados al respec-
tivo intermediario financiero o si su relación con éste implica la existencia de in-
fluencia controlante, o no hayan actualizado la presentada con anterioridad, con
excepción de los deudores en concurso o con acuerdo preventivo extrajudicial
solicitado o en gestión judicial que, por un período de hasta 540 días contados a
partir de la apertura del concurso, solicitud del acuerdo preventivo o inicio de las
gestiones judiciales de cobro, según corresponda, no hubiesen presentado la do-
cumentación que permita realizarla, siempre que se cuente con informe de abo-
gado de la entidad financiera acreedora sobre la razonabilidad del recupero de
los créditos comprendidos.
Ello, sin perjuicio de que se trate de deudas que reúnan todas las condiciones
previstas por el punto 2.2.3.2. de las normas sobre “Previsiones mínimas por
riesgo de incobrabilidad”.
Este tratamiento se aplicará desde la fecha de otorgamiento de la asistencia,
cuando se trate de la primera declaración, o a partir del 1.12, en los casos de las
actualizaciones posteriores, y hasta el mes anterior a la fecha en que el cliente
efectúe la pertinente presentación.","[cla::6.5.5.9] Sección 6. Clasificación de los deudores de la cartera comercial. || 6.5. Niveles de clasificación. || Cada cliente, y la totalidad de sus financiaciones comprendidas, se incluirá en una de las si-
guientes cinco categorías, las que se definen teniendo en cuenta las condiciones que se deta-
llan en cada caso.
Los clientes que no registren asistencia crediticia de la entidad y que posteriormente reciban fi-
nanciaciones de ésta que no superen el importe resultante de aplicar sobre el saldo de deuda
registrado en el sistema financiero, según la última información disponible en la “Central de
deudores” a la fecha de su otorgamiento, el porcentaje establecido en el punto 2.2.5. de las
normas sobre “Previsiones mínimas por riesgo de incobrabilidad” correspondiente a la peor cla-
sificación asignada, podrán ser clasificados por la entidad teniendo en cuenta únicamente el
análisis del flujo de fondos proyectado. Las asistencias así otorgadas no serán consideradas a
los fines a que se refiere el punto 6.6.
A fin de verificar el cumplimiento de las obligaciones sin recurrir a nueva financiación directa o
indirecta o a refinanciaciones, no se considerarán refinanciaciones las facilidades adicionales
que se otorguen respecto de los márgenes vigentes acordados, siempre que el nuevo apoyo
crediticio implique nuevos desembolsos de fondos y no supere el 10 % del cupo asignado en
oportunidad de la última evaluación crediticia del cliente, en la medida en que éstas sean con-
sistentes con el curso normal de los negocios y exista capacidad para atender el resto de las
obligaciones financieras, ni las nuevas financiaciones y las refinanciaciones asociadas a una
mayor inversión derivada de la expansión de las actividades, y siempre que pueda demostrarse
que el flujo de fondos proyectado permitirá afrontar la totalidad de sus obligaciones.
Tampoco se considerarán dentro de ese concepto las refinanciaciones otorgadas a los produc-
tores agropecuarios cuando ello resulte de la aplicación de disposiciones vinculadas a la Ley de
Emergencia Agropecuaria, sin perjuicio de lo cual, a los fines de la clasificación, deberá tenerse
en cuenta el flujo de fondos proyectado para el momento en que concluya la vigencia de la
emergencia declarada. El tratamiento que se dispense en ese marco no podrá implicar mejora-
miento de la clasificación asignada al cliente en función de su situación individual, preexistente
a la emergencia, ni su aplicación extenderse más allá de la vigencia fijada para ella. || 6.5.5. Irrecuperable. || Las deudas de clientes incorporados a esta categoría se consideran incobrables. Si bien
estos activos podrían tener algún valor de recuperación bajo un cierto conjunto de cir-
cunstancias futuras, su incobrabilidad es evidente al momento del análisis.
Entre los indicadores que pueden reflejar esta situación se destacan que el cliente: || Además, corresponderá clasificar en esta categoría a los clientes que, cualquiera sea el
motivo (entre ellos por no contar con legajo o por no haber proporcionado información
confiable y/o actualizada), no hayan sido evaluados con la periodicidad correspondiente,
con excepción de los deudores en concurso o con acuerdo preventivo extrajudicial solici-
tado o en gestión judicial que, por un período de hasta 540 días contados a partir de la
apertura del concurso, solicitud del acuerdo preventivo o inicio de las gestiones judiciales
de cobro, según corresponda, no hubiesen presentado la documentación que permita
realizarla, siempre que se cuente con informe de abogado de la entidad financiera
acreedora sobre la razonabilidad del recupero de los créditos comprendidos.
Ello, sin perjuicio de que se trate de deudas que reúnan todas las condiciones previstas
por el punto 2.2.3.2. de las normas sobre “Previsiones mínimas por riesgo de incobrabili-
dad”.","","no","El 2,5% se compara con la «deuda (por todo concepto) más el importe de la financiación solicitada» del cliente; la Operacion, la clasificación en irrecuperable, es la consecuencia del encuadre y no la magnitud acotada.","La financiación solicitada por clientes del sector privado no financiero (su deuda por todo concepto más el importe solicitado, al momento del otorgamiento).",""
"26","3","Restriccion_20_veinte_por_ciento_de_obligacion_de_ingreso_y_o_liquidacion_del_contravalor_en_953b43","Límite 20% ingreso divisas — entre 2 y 3 años desde puesta en marcha","limite_cuantitativo","20% (veinte por ciento) de obligación de ingreso y/o liquidación del contravalor en divisas para exportaciones embarcadas luego del plazo de 2 (dos) años","20%","Operacion_exportacion_de_bienes_por_vpu_rigi_5645aa","Exportación de bienes por VPU RIGI","Exportación de bienes efectuada por un Vehículo de Proyecto Único (VPU) adherido al RIGI por un proyecto que no fue declarado de Exportación Estratégica de Largo Plazo","ext::14.1.2","[ext::14.1.2] 14.1.2. Las exportaciones de bienes efectuadas por un VPU adherido al RIGI por un
proyecto que no fue declarado de Exportación Estratégica de Largo Plazo quedarán
exceptuadas de la obligación de ingreso y/o liquidación del contravalor en divisas
por un porcentaje del valor percibido según la condición de venta que quedará
determinado en base a la fecha en que se concrete la exportación con relación a la
fecha de puesta en marcha del VPU reportada al BCRA por la Autoridad de
Aplicación:
i) 0% (cero por ciento) embarcada dentro de los 2 (dos) años de plazo.
ii) 20% (veinte por ciento) embarcada luego del plazo de 2 (dos) años.
iii) 40% (cuarenta por ciento) embarcada luego del plazo de 3 (tres) años.
iv) 100% (ciento por ciento) embarcada luego del plazo de 4 (cuatro) años.","[ext::14.1.2] Sección 14. Disposiciones complementarias asociadas al Régimen de Incentivo para Grandes Inversiones (RIGI). || En esta sección se detallan las disposiciones complementarias en materia cambiaria que, en la
medida que las disposiciones generales no resulten más favorables, resultan aplicables a un
Vehículo de Proyecto Único (VPU) adherido al Régimen de Incentivo los referidas al “Régimen de
Incentivo para Grandes Inversiones” (RIGI) establecido en el Título VII de la Ley 27.742 y
reglamentado por el Decreto 749/24 y concordantes. || 14.1. Beneficios relacionados con el ingreso y/o liquidación de cobro de exportaciones de bienes y || servicios.
Para un VPU adherido al RIGI que haya declarado ante la Autoridad de Aplicación que
preveía hacer uso de los beneficios establecidos en el artículo 198 de la Ley 27.742 en
materia de cobro de exportaciones de bienes y servicios resultará de aplicación lo siguiente:","","sí","El 20% es el porcentaje por el que «Las exportaciones de bienes efectuadas por un VPU adherido al RIGI» quedan exceptuadas de la obligación de ingreso y liquidación («ii) 20% (veinte por ciento) embarcada luego del plazo de 2 (dos) años.»); la Operacion es esa exportación.","",""
"27","258","Restriccion_reduccion_por_aplicacion_del_limite_del_14_meses_1_a_12_17691d","Límite del 14 % — período 1-12 meses","limite_cuantitativo","Reducción por aplicación del límite del 14 %, meses 1 a 12","14%","Operacion_reduccion_de_exigencia_por_riesgo_operacional_2b2972","Reducción de exigencia por riesgo operacional","Reducción de exigencia de información sobre riesgo operacional para entidades de los Grupos A, B y C, calculada mediante aplicación de límites porcentuales según período temporal y grupo de entidades","ric::5.2.5","[ric::5.2.5] 5.2.5. Reducción de exigencia para entidades de los Grupos “A”, “B” y “C”.
Código Concepto
3600000Y Reducción de exigencia
Referencias:
X = 1 a 3, donde:
1 = meses 1 a 12
2 = meses 13 a 24
3 = meses 25 a 36
Y = 1 a 6, donde:
1 = reducción por aplicación del límite del 20 %, entidades A.
1 = reducción por aplicación del límite del 17 %
2 = reducción por aplicación del límite del 11 %
3 = reducción por aplicación del límite del 7 %
4 = reducción por aplicación del límite del 14%
5 = reducción por aplicación del límite del 8 %
6 = reducción por aplicación del límite del 5 %","[ric::5.2.5] Sección 5. Exigencia por riesgo operacional || 5.2. Modelo de información","","no decidible","El chunk es una lista de códigos linealizada que solo nombra la partida «reducción por aplicación del límite del 14%»; no dice qué magnitud acota el límite, y define el período (X) y el límite (Y) como referencias separadas.","",""
"28","142","Restriccion_la_extension_de_los_plazos_no_podra_superar_los_365_trescientos_sesenta_y_cinco__735a75","Límite 365 días — restantes pagos","limite_cuantitativo","La extensión de los plazos no podrá superar los 365 (trescientos sesenta y cinco) días corridos para los restantes pagos de importación.","365 días","Operacion_extension_de_plazos_por_causales_ajenas_08876f","Extensión de plazos por causales ajenas","La entidad interviniente podrá otorgar una extensión de los plazos para la demostración del registro de ingreso aduanero cuando existan demoras por causales ajenas a la voluntad de decisión del importador que afecten a la mayor parte del monto pendiente de regularización de la operación.","ext::10.5.5.3","[ext::10.5.5.3] 10.5.5.3. Otras causales ajenas a la voluntad de decisión del importador.
En los casos de demoras en el registro de ingreso aduanero de la
oficialización de importación, por causales ajenas a la voluntad de decisión
del importador que afecten a la mayor parte del monto pendiente de
regularización de la operación, la entidad interviniente podrá otorgar una
extensión de los plazos establecidos precedentemente, que no podrá
superar los 545 (quinientos cuarenta y cinco) días corridos para los pagos
anticipados de bienes de capital o los 365 (trescientos sesenta y cinco)
días corridos para los restantes pagos, contándose los plazos indicados
desde la fecha de acceso al mercado de cambios.
Son ejemplos de causales ajenas a la voluntad de decisión del importador
las demoras motivadas en la producción y/o en el embarque por parte del
proveedor del exterior no derivadas en incumplimientos del importador, en
problemas de transporte, en la obtención de certificaciones necesarias para
la oficialización de la importación de los bienes o actuaciones
administrativas aduaneras que impliquen la imposibilidad de oficializar
hasta su resolución. En sentido contrario, la demora en efectuar la
oficialización por decisiones del importador motivadas en cuestiones
financieras o de mercado no está comprendida entre las causales
admitidas.
La documentación que avale la causal de la demora que respalda la
ampliación del plazo otorgada por la entidad, deberá quedar archivada en
la entidad a disposición del BCRA.
Agotados los plazos que puede otorgar la entidad a cargo del seguimiento,
esta última podrá solicitar la conformidad del BCRA para una ampliación
mayor en la medida que subsistan causales de demora ajenas al
importador.","[ext::10.5.5.3] Sección 10. Pagos de importaciones y otras compras de bienes en el exterior. || 10.5. Seguimiento de pagos de importaciones con registro de ingreso aduanero pendiente. || Todo pago de importaciones con registro de ingreso aduanero pendiente efectuado a partir del
02/09/19 estará sujeto a un seguimiento desde la fecha de acceso al mercado de cambios
hasta la fecha en que se produzca su regularización.
Se considerará regularizada la situación de estos pagos a los efectos cambiarios cuando se
demuestre ante la entidad encargada del seguimiento de ese pago, y por hasta el monto
girado, la existencia de: || i) el registro de ingreso aduanero a su nombre o a nombre de un tercero en la medida || que se cumplan las condiciones establecidas en la presente normativa; y/o || ii) la liquidación en el mercado de cambios de las divisas asociadas a la devolución del || pago efectuado; y/o || iii) otras formas de regularización previstas en la presente norma según las condiciones || y límites establecidos en cada caso; y/o || iv) la conformidad otorgada por el BCRA para dar por regularizada parte o el total de la || operación. El pedido solo podrá ser tramitado por la entidad encargada del
seguimiento del pago y deberá estar debidamente justificado por ésta. || 10.5.5. Prórrogas de plazos para la demostración del registro de ingreso aduanero. || Las prórrogas del plazo para la demostración del registro de ingreso aduanero de
importación serán concedidas por la entidad a cargo del seguimiento del pago
realizado sin registro de ingreso aduanero, dentro de las condiciones que establece la
presente normativa o con la previa conformidad del BCRA.
Estas prórrogas deberán ser registradas por la entidad encargada del seguimiento del
pago en el sistema SEPAIMPO.","","sí","El tope acota «una extensión de los plazos establecidos precedentemente», que no puede superar «365 (trescientos sesenta y cinco) días corridos para los restantes pagos»; la Operacion es esa extensión.","",""
"29","227","Restriccion_ponderador_de_riesgo_de_100_para_exposicion_a_gobiernos_sector_publico_no_financ_124cad","Ponderador 100% — calificación BB+ a B-","limite_cuantitativo","Ponderador de riesgo de 100% para exposición a gobiernos (sector público no financiero) y BCRA con calificación de BB+ a B-","100%","Operacion_asignacion_ponderador_riesgo_soberano_gobiernos_no_financieros_y_bcra_e6969d","Asignación ponderador riesgo soberano — gobiernos no financieros y BCRA","Asignación de ponderadores de riesgo para exposición a gobiernos (sector público no financiero) y al BCRA conforme a su calificación crediticia externa, según escala: Inferior a B- (0%), AAA a AA- (0%), A+ a A- (20%), BBB+ a BBB- (50%), BB+ a B- (100%), No calificado (100%)","cap::2.12.2.4","[cap::2.12.2.4] 2.12.2.4. Al sector público no financiero y al BCRA. Demás.
AAA A+ BBB+ BB+
Inferior No
Calificación hasta hasta hasta hasta
a B- calificado
AA- A- BBB- B-
Ponderador
0% 20% 50% 100% 150% 100%
de riesgo","[cap::2.12.2.4] Sección 2. Capital mínimo por riesgo de crédito. || A los efectos de la aplicación de las disposiciones de la presente sección, las entidades financieras
se clasificarán en:
i)Grupo 1: entidades calificadas por el BCRA como de importancia sistémica a nivel local || (D-SIB) y sucursales o subsidiarias de bancos del exterior calificados como de impor-
tancia sistémica global (G-SIB). || ii) Grupo 2: entidades financieras no comprendidas en el acápite i).
En aquellos casos en que no se establezcan disposiciones específicas para cada uno de los citados
grupos de entidades financieras, deberá aplicarse el mismo tratamiento a ambos grupos.
Las entidades financieras que presenten cambios en su calificación –conforme a lo previsto en los
acápites precedentes–, contarán con un plazo de 6 meses para aplicar las disposiciones específicas
correspondientes al nuevo grupo al que pertenezcan. || 2.12. Tabla de ponderadores de riesgo. || Concepto Ponderador || –en %– || 2.12.2. Exposición a gobiernos y bancos centrales.","","sí","El ponderador se fija para «2.12.2.4. Al sector público no financiero y al BCRA. Demás.»; la tabla está linealizada, pero el objeto sale del título del punto y la Operacion es la asignación del ponderador a esa exposición.","",""
"30","262","Restriccion_reduccion_por_aplicacion_del_limite_del_7_meses_1_a_12_79b0c7","Límite del 7 % — período 1-12 meses","limite_cuantitativo","Reducción por aplicación del límite del 7 %, meses 1 a 12","7%","Operacion_reduccion_de_exigencia_por_riesgo_operacional_2b2972","Reducción de exigencia por riesgo operacional","Reducción de exigencia de información sobre riesgo operacional para entidades de los Grupos A, B y C, calculada mediante aplicación de límites porcentuales según período temporal y grupo de entidades","ric::5.2.5","[ric::5.2.5] 5.2.5. Reducción de exigencia para entidades de los Grupos “A”, “B” y “C”.
Código Concepto
3600000Y Reducción de exigencia
Referencias:
X = 1 a 3, donde:
1 = meses 1 a 12
2 = meses 13 a 24
3 = meses 25 a 36
Y = 1 a 6, donde:
1 = reducción por aplicación del límite del 20 %, entidades A.
1 = reducción por aplicación del límite del 17 %
2 = reducción por aplicación del límite del 11 %
3 = reducción por aplicación del límite del 7 %
4 = reducción por aplicación del límite del 14%
5 = reducción por aplicación del límite del 8 %
6 = reducción por aplicación del límite del 5 %","[ric::5.2.5] Sección 5. Exigencia por riesgo operacional || 5.2. Modelo de información","","no decidible","El chunk es una lista de códigos linealizada que solo nombra la partida «reducción por aplicación del límite del 7 %»; no dice qué magnitud acota el límite, y define el período (X) y el límite (Y) como referencias separadas.","",""
