ficha	paginas	marca	clase	subclase	subclase_adicional	limpieza	nota
E1-001	4						
E1-002	14						
E1-003	13						
E1-004	25						
E1-005	2						
E1-006	58,59						
E1-007	67,68,69,70,71						
E1-008	34,35,36,37,38,39,40,41,42,43,44,45,46,47,48,49,50,51,52,53,54,55,56,57,58,59,60,61,62,63,64,65,66,67,68,69						
E1-009	12						
E1-010	26,27,28						
E1-011	13						
E1-012	3						
E1-013	3						
E1-014	9						
E1-015	16						
E1-016	24						
E1-017	12						
E1-018	20						
E1-019	19						
E1-020	20,21						
E1-021	26						
E1-022	9						
E1-023	6						
E1-024	47						
E1-025	15,16						
E1-026	4						
E1-027	5						
E1-028	3						
E1-029	1						
E1-030	6						
E1-031	57						
E1-032	7						
E1-033	18						
E1-034	5,6						
E1-035	8						
E1-036	6						
E1-037	4						
E1-038	6						
E1-039	9						
E1-040	5						
E1-041	90						
E1-042	1						
E1-043	34						
E1-044	5						
E1-045	17						
E1-046	152						
E1-047	1						
E1-048	52						
E1-049	27						
E1-050	16						
E1-051	1						
E1-052	13						
E1-053	8						
E1-054	3						
E1-055	11						
E1-056	4						
E1-057	24						
E1-058	3						
E1-059	6						
E1-060	16						
E1-061	8						
E1-062	8						
E1-063	19						
E1-064	8						
E1-065	21						
E1-066	8						
E1-067	5						
E1-068	20						
E1-069	4						
E1-070	5						
E1-071	1						
E1-072	51						
E1-073	5,6						
E1-074	8						
E1-075	10						
E1-076	4						
E1-077	9,10						
E1-078	19						
E1-079	8						
E1-080	145						
E1-081	9						
E1-082	32						
E1-083	39						
E1-084	11						
E1-085	7						
E1-086	5						
E1-087	38						
E1-088	5						
E1-089	16						
E1-090	150						
