corrida	cadena	sha256_kg	doble_corrida_interna	rc
head	r2b_desarrollo	6e7560433148cfe0c476cdd61199c32278187c4196d6f90dc0a38976a6d8e9a2	True	rc=0
head	r2b_diez	40c5483077d941ce814a8d92f53b2804ba64a0df70d13887e631b7292b26f2f1	True	rc=0
head	r2b_sincola_desarrollo	2922b72dca2c2bcb204a04f53fc89f265ac2c57e83e6aaab2ce1af8b82d413e4	True	rc=0
head	r2b_sincola_diez	8d747e572695b739b7284d4784ee8dc7a1d140badbdee75b3529dc0ee633ed3e	True	rc=0
o2_1	r2a_desarrollo	fa4c1043d859081e49dce6cb940a9f5d4c09fc6d449efb85355f95312257178a	True	rc=0
o2_1	r2a_diez	70d51e429b0e2cc1aafa697e32bc83462d371dfdd5edafb34e92fe4f7be45bdd	True	rc=0
o2_1	r2b_desarrollo	18a2747d3078f9d86d0df7f38016aef6641b6e5581c348fb23860ce7f2458713	True	rc=0
o2_1	r2b_diez	710664e91776ebe8210277b588c64a112622e9addf2af91e324f24fc12ebdc37	True	rc=0
o2_1	r2b_sincola_desarrollo	9f49d62d5aacd303d59bcc109248e1b1ce8bcefb707ff9946f9e5322d21d60f0	True	rc=0
o2_1	r2b_sincola_diez	a50210b45038fb1e40d94b8e416b98f5391aeae4323d9df1ccbea6a9c1deb096	True	rc=0
o2_2	r2b_desarrollo	18a2747d3078f9d86d0df7f38016aef6641b6e5581c348fb23860ce7f2458713	True	rc=0
o2_2	r2b_diez	710664e91776ebe8210277b588c64a112622e9addf2af91e324f24fc12ebdc37	True	rc=0
o2_2	r2b_sincola_desarrollo	9f49d62d5aacd303d59bcc109248e1b1ce8bcefb707ff9946f9e5322d21d60f0	True	rc=0
o2_2	r2b_sincola_diez	a50210b45038fb1e40d94b8e416b98f5391aeae4323d9df1ccbea6a9c1deb096	True	rc=0
pieza_e	r2b_diez	710664e91776ebe8210277b588c64a112622e9addf2af91e324f24fc12ebdc37	True	rc=0
