id,categoria,titulo_oficial,archivo_oficial,url_pdf
adfsp,normativa_general,Adelantos del Banco Central a las entidades financieras con destino a financiaciones al sector productivo,t-adfsp.pdf,https://www.bcra.gob.ar/archivos/Pdfs/Texord/t-adfsp.pdf
actgar,normativa_general,Afectación de activos en garantía,t-actgar.pdf,https://www.bcra.gob.ar/archivos/Pdfs/Texord/t-actgar.pdf
adrei,normativa_general,Agregación de datos sobre riesgos y elaboración de informes.,t-adrei.pdf,https://www.bcra.gob.ar/archivos/Pdfs/Texord/t-adrei.pdf
seggar,normativa_general,Aplicación del sistema de seguro de garantía de depósitos.,t-seggar.pdf,https://www.bcra.gob.ar/archivos/Pdfs/Texord/t-seggar.pdf
afiltr,normativa_general,Asistencia financiera por iliquidez transitoria,t-afiltr.pdf,https://www.bcra.gob.ar/archivos/Pdfs/Texord/t-afiltr.pdf
asomut,normativa_general,Asociaciones mutuales. Reglamentación de su actividad financiera (Decreto 1367/93),t-asomut.pdf,https://www.bcra.gob.ar/archivos/Pdfs/Texord/t-asomut.pdf
autenf,normativa_general,Autoridades de entidades financieras,t-autenf.pdf,https://www.bcra.gob.ar/archivos/Pdfs/Texord/t-autenf.pdf
ayccef,normativa_general,Autorización y composición del capital de entidades financieras.,t-ayccef.pdf,https://www.bcra.gob.ar/archivos/Pdfs/Texord/t-ayccef.pdf
cajasc,normativa_general,Cajas de Crédito Cooperativas (Ley 26.173),t-cajasc.pdf,https://www.bcra.gob.ar/archivos/Pdfs/Texord/t-cajasc.pdf
inspag,normativa_general,Características de los instrumentos de pago que emiten las entidades financieras,t-inspag.pdf,https://www.bcra.gob.ar/archivos/Pdfs/Texord/t-inspag.pdf
cateloc,normativa_general,Categorización de localidades para entidades financieras,t-cateloc.pdf,https://www.bcra.gob.ar/archivos/Pdfs/Texord/t-cateloc.pdf
cryl,normativa_general,"Central de registro y liquidación de instrumentos de deuda pública, regulación monetaria y fideicomisos financieros (CRyL).",t-cryl.pdf,https://www.bcra.gob.ar/archivos/Pdfs/Texord/t-cryl.pdf
ceninf,normativa_general,Centrales de información,t-ceninf.pdf,https://www.bcra.gob.ar/archivos/Pdfs/Texord/t-ceninf.pdf
cedin,normativa_general,Certificados de depósitos para la inversión,t-cedin.pdf,https://www.bcra.gob.ar/archivos/Pdfs/Texord/t-cedin.pdf
cescar,normativa_general,Cesión de cartera de créditos,t-cescar.PDF,https://www.bcra.gob.ar/archivos/Pdfs/Texord/t-cescar.PDF
cirmo3,normativa_general,Circulación monetaria,t-cirmo3.pdf,https://www.bcra.gob.ar/archivos/Pdfs/Texord/t-cirmo3.pdf
coltit,normativa_general,Colocación de títulos valores de deuda y obtención de líneas de crédito del exterior,t-coltit.pdf,https://www.bcra.gob.ar/archivos/Pdfs/Texord/t-coltit.pdf
icmecma,normativa_general,Comunicación por medios electrónicos para el cuidado del medio ambiente,t-icmecma.pdf,https://www.bcra.gob.ar/archivos/Pdfs/Texord/t-icmecma.pdf
convca,normativa_general,Conversión cambiaria,t-convca.pdf,https://www.bcra.gob.ar/archivos/Pdfs/Texord/t-convca.pdf
ctavis,normativa_general,Cuentas a la vista abiertas en las cajas de crédito cooperativas,t-ctavis.pdf,https://www.bcra.gob.ar/archivos/Pdfs/Texord/t-ctavis.pdf
ccbcra,normativa_general,Cuentas corrientes y otras cuentas a la vista de las entidades financieras y cambiarias en el Banco Central de la República Argentina,t-ccbcra.pdf,https://www.bcra.gob.ar/archivos/Pdfs/Texord/t-ccbcra.pdf
ctacor,normativa_general,Cuentas de corresponsalía,t-ctacor.pdf,https://www.bcra.gob.ar/archivos/Pdfs/Texord/t-ctacor.pdf
depaho,normativa_general,"Depósitos de ahorro, cuenta sueldo y especiales",t-depaho.pdf,https://www.bcra.gob.ar/archivos/Pdfs/Texord/t-depaho.pdf
depinv,normativa_general,Depósitos e inversiones a plazo,t-depinv.pdf,https://www.bcra.gob.ar/archivos/Pdfs/Texord/t-depinv.pdf
micemp,normativa_general,"Determinación de la condición de micro, pequeña o mediana empresa",t-micemp.pdf,https://www.bcra.gob.ar/archivos/Pdfs/Texord/t-micemp.pdf
dmrd,normativa_general,Disciplina de Mercado - Requisitos mínimos de divulgación.,t-dmrd.pdf,https://www.bcra.gob.ar/archivos/Pdfs/Texord/t-dmrd.pdf
jafip,normativa_general,Disposiciones judiciales originadas en juicios entablados por ARCA,t-jAFIP.pdf,https://www.bcra.gob.ar/archivos/Pdfs/Texord/t-jAFIP.pdf
disres,normativa_general,Distribución de resultados,t-disres.pdf,https://www.bcra.gob.ar/archivos/Pdfs/Texord/t-disres.pdf
docvig,normativa_general,Documentos de identificación en vigencia,t-docvig.pdf,https://www.bcra.gob.ar/archivos/Pdfs/Texord/t-docvig.pdf
efemin,normativa_general,Efectivo mínimo,t-efemin.pdf,https://www.bcra.gob.ar/archivos/Pdfs/Texord/t-efemin.pdf
evacre,normativa_general,Evaluaciones crediticias,t-evacre.pdf,https://www.bcra.gob.ar/archivos/Pdfs/Texord/t-evacre.pdf
expaef,normativa_general,Expansión de entidades financieras,t-expaef.pdf,https://www.bcra.gob.ar/archivos/Pdfs/Texord/t-expaef.pdf
fclef,normativa_general,Fideicomisos financieros comprendidos en la Ley de Entidades Financieras.,t-fclef.pdf,https://www.bcra.gob.ar/archivos/Pdfs/Texord/t-fclef.pdf
finsec,normativa_general,Financiamiento al sector público no financiero,t-finsec.pdf,https://www.bcra.gob.ar/archivos/Pdfs/Texord/t-finsec.pdf
fabcra,normativa_general,Firmas Autorizadas ante el BCRA,t-fabcra.pdf,https://www.bcra.gob.ar/archivos/Pdfs/Texord/t-fabcra.pdf
fgarcp,normativa_general,Fondos de garantía de carácter público,t-fgarcp.pdf,https://www.bcra.gob.ar/archivos/Pdfs/Texord/t-fgarcp.pdf
garant,normativa_general,Garantías,t-garant.pdf,https://www.bcra.gob.ar/archivos/Pdfs/Texord/t-garant.pdf
garopt,normativa_general,Garantías por intermediación en operaciones entre terceros,t-garopt.pdf,https://www.bcra.gob.ar/archivos/Pdfs/Texord/t-garopt.pdf
gescre,normativa_general,Gestión crediticia,t-gescre.pdf,https://www.bcra.gob.ar/archivos/Pdfs/Texord/t-gescre.pdf
graloc,normativa_general,Gestión de riesgos asociados a la liquidación de operaciones de cambio,t-graloc.pdf,https://www.bcra.gob.ar/archivos/Pdfs/Texord/t-graloc.pdf
gracre,normativa_general,Graduación del crédito,t-gracre.pdf,https://www.bcra.gob.ar/archivos/Pdfs/Texord/t-gracre.pdf
gerc,normativa_general,Grandes exposiciones al riesgo de crédito.,t-gerc.pdf,https://www.bcra.gob.ar/archivos/Pdfs/Texord/t-gerc.pdf
horari,normativa_general,Horario de las entidades financieras,t-horari.pdf,https://www.bcra.gob.ar/archivos/Pdfs/Texord/t-horari.pdf
incuca,normativa_general,Incumplimientos de capitales mínimos y relaciones técnicas. Criterios aplicables,t-incuca.pdf,https://www.bcra.gob.ar/archivos/Pdfs/Texord/t-incuca.pdf
consyr,normativa_general,"Instrumentación, conservación y reproducción de documentos",t-consyr.pdf,https://www.bcra.gob.ar/archivos/Pdfs/Texord/t-consyr.pdf
fimipyme,normativa_general,Linea de financiamiento para la inversion productiva de MiPyME,t-fimipyme.pdf,https://www.bcra.gob.ar/archivos/Pdfs/Texord/t-fimipyme.pdf
lingob,normativa_general,Lineamientos para el gobierno societario en entidades financieras.,t-lingob.pdf,https://www.bcra.gob.ar/archivos/Pdfs/Texord/t-lingob.pdf
lingeef,normativa_general,Lineamientos para la gestión de riesgos en las entidades financieras,t-lingeef.pdf,https://www.bcra.gob.ar/archivos/Pdfs/Texord/t-lingeef.pdf
rrci,normativa_general,Lineamientos para la respuesta y recuperación ante ciberincidentes (RRCI),t-rrci.pdf,https://www.bcra.gob.ar/archivos/Pdfs/Texord/t-rrci.pdf
manori,normativa_general,Manuales de originación y administración de préstamos,t-manori.pdf,https://www.bcra.gob.ar/archivos/Pdfs/Texord/t-manori.pdf
seguef,normativa_general,Medidas mínimas de seguridad en entidades financieras,t-seguef.pdf,https://www.bcra.gob.ar/archivos/Pdfs/Texord/t-seguef.pdf
ri2_ae,normativa_general,Normas mínimas sobre auditorías externas para casas y agencias de cambio.,t-RI2-AE.pdf,https://www.bcra.gob.ar/archivos/Pdfs/Texord/t-RI2-AE.pdf
nmaeef,normativa_general,Normas mínimas sobre auditorías externas para entidades financieras,t-nmaeef.pdf,https://www.bcra.gob.ar/archivos/Pdfs/Texord/t-nmaeef.pdf
ri2_ci,normativa_general,Normas mínimas sobre controles internos para casas y agencias de cambio,t-RI2-CI.pdf,https://www.bcra.gob.ar/archivos/Pdfs/Texord/t-RI2-CI.pdf
nmcief,normativa_general,Normas mínimas sobre controles internos para entidades financieras,t-nmcief.pdf,https://www.bcra.gob.ar/archivos/Pdfs/Texord/t-nmcief.pdf
opefci,normativa_general,"Operaciones al contado a liquidar y a término, pases, cauciones, otros derivados y con fondos comunes de inversión.",t-opefci.pdf,https://www.bcra.gob.ar/archivos/Pdfs/Texord/t-opefci.pdf
opecam,normativa_general,Operadores de cambio.,t-opecam.pdf,https://www.bcra.gob.ar/archivos/Pdfs/Texord/t-opecam.pdf
ordcom,normativa_general,"Ordenamiento, emisión y  divulgación de Comunicaciones y Comunicados de Prensa",t-ordcom.pdf,https://www.bcra.gob.ar/archivos/Pdfs/Texord/t-ordcom.pdf
osapsa,normativa_general,Otros servicios y actividades prestados por sujetos alcanzados,t-osapsa.pdf,https://www.bcra.gob.ar/archivos/Pdfs/Texord/t-osapsa.pdf
pagjub,normativa_general,Pago de beneficios de la seg. soc. por cuenta de la Adm. Nacional de la Seguridad Social (ANSES),t-pagjub.pdf,https://www.bcra.gob.ar/archivos/Pdfs/Texord/t-pagjub.pdf
retype,normativa_general,Pago de retiros y pensiones militares,t-retype.pdf,https://www.bcra.gob.ar/archivos/Pdfs/Texord/t-retype.pdf
pfmipyme,normativa_general,Plataformas para el financiamiento MiPyME,t-pfmipyme.pdf,https://www.bcra.gob.ar/archivos/Pdfs/Texord/t-pfmipyme.pdf
polcre,normativa_general,Política de crédito,t-polcre.pdf,https://www.bcra.gob.ar/archivos/Pdfs/Texord/t-polcre.pdf
pognme,normativa_general,Posición global neta de moneda extranjera.,t-pognme.pdf,https://www.bcra.gob.ar/archivos/Pdfs/Texord/t-pognme.pdf
optico,normativa_general,Presentación de informaciones al BCRA,t-optico.pdf,https://www.bcra.gob.ar/archivos/Pdfs/Texord/t-optico.pdf
lavdin,normativa_general,"Prevención del lavado de activos, del financiamiento del terrorismo y otras actividades ilícitas",t-lavdin.pdf,https://www.bcra.gob.ar/archivos/Pdfs/Texord/t-lavdin.pdf
prevmi,normativa_general,Previsiones mínimas por riesgo de incobrabilidad,t-prevmi.pdf,https://www.bcra.gob.ar/archivos/Pdfs/Texord/t-prevmi.pdf
pimf,normativa_general,Principios para las infraestructuras del mercado financiero.,t-pimf.pdf,https://www.bcra.gob.ar/archivos/Pdfs/Texord/t-pimf.pdf
pscpp,normativa_general,Proveedores de servicios de créditos entre particulares a través de plataformas.,t-pscpp.pdf,https://www.bcra.gob.ar/archivos/Pdfs/Texord/t-pscpp.pdf
snp_psp,normativa_general,Proveedores de servicios de pago,t-snp-psp.pdf,https://www.bcra.gob.ar/archivos/Pdfs/Texord/t-snp-psp.pdf
apnf,normativa_general,Proveedores no financieros de crédito.,t-apnf.pdf,https://www.bcra.gob.ar/archivos/Pdfs/Texord/t-apnf.pdf
raapal,normativa_general,Ratio de apalancamiento.,t-raapal.pdf,https://www.bcra.gob.ar/archivos/Pdfs/Texord/t-raapal.pdf
ratio,normativa_general,Ratio de cobertura de liquidez,t-ratio.pdf,https://www.bcra.gob.ar/archivos/Pdfs/Texord/t-ratio.pdf
ratiofn,normativa_general,Ratio de fondeo neto estable.,t-ratiofn.pdf,https://www.bcra.gob.ar/archivos/Pdfs/Texord/t-ratiofn.pdf
rdbcra,normativa_general,Régimen disciplinario a cargo del Banco Central de la República Argentina (Leyes 21.526 y 25.065) y tramitación de sumarios cambiarios (Ley 19.359),t-rdbcra.pdf,https://www.bcra.gob.ar/archivos/Pdfs/Texord/t-rdbcra.pdf
regpri,normativa_general,Régimen para facilitar la privatización de Bancos Prov. y Municipales y las fusiones y absorciones,t-regpri.pdf,https://www.bcra.gob.ar/archivos/Pdfs/Texord/t-regpri.pdf
ctacte,normativa_general,Reglamentación de la cuenta corriente bancaria,t-ctacte.pdf,https://www.bcra.gob.ar/archivos/Pdfs/Texord/t-ctacte.pdf
relact,normativa_general,Relación para los activos inmovilizados y otros conceptos,t-relact.pdf,https://www.bcra.gob.ar/archivos/Pdfs/Texord/t-relact.pdf
repefe,normativa_general,Representantes de entidades financieras del exterior no autorizadas para operar  en el país,t-repefe.pdf,https://www.bcra.gob.ar/archivos/Pdfs/Texord/t-repefe.pdf
rmrtsd,normativa_general,Requisitos mínimos ges. y ctrol. tec. y seg. de la inf. asociados a los servicios financieros digitales.,t-rmrtsd.pdf,https://www.bcra.gob.ar/archivos/Pdfs/Texord/t-rmrtsd.pdf
rmgcti,normativa_general,Requisitos mínimos para la gestión y control de los riesgos de tecnología y seguridad de la información,t-rmgcti.pdf,https://www.bcra.gob.ar/archivos/Pdfs/Texord/t-rmgcti.pdf
reqcac,normativa_general,Requisitos Operativos Mínimos de Tecnología y Sistemas de Información p/ Casas y Agencias de Cambio,t-reqcac.pdf,https://www.bcra.gob.ar/archivos/Pdfs/Texord/t-reqcac.pdf
secfin,normativa_general,Secreto financiero,t-secfin.pdf,https://www.bcra.gob.ar/archivos/Pdfs/Texord/t-secfin.pdf
servco,normativa_general,Servicios complementarios de la actividad financiera y actividades permitidas.,t-servco.pdf,https://www.bcra.gob.ar/archivos/Pdfs/Texord/t-servco.pdf
snp_atm,normativa_general,Sistema Nacional de Pagos - Cajeros automáticos,t-snp-atm.pdf,https://www.bcra.gob.ar/archivos/Pdfs/Texord/t-snp-atm.pdf
snp_cec,normativa_general,Sistema Nacional de Pagos - Cámaras electrónicas de compensación,t-snp-cec.pdf,https://www.bcra.gob.ar/archivos/Pdfs/Texord/t-snp-cec.pdf
snp_cheq,normativa_general,Sistema Nacional de Pagos - Cheques y otros instrumentos compensables,t-snp-cheq.pdf,https://www.bcra.gob.ar/archivos/Pdfs/Texord/t-snp-cheq.pdf
snp_debin,normativa_general,Sistema Nacional de Pagos - Débito Inmediato,t-snp-debin.pdf,https://www.bcra.gob.ar/archivos/Pdfs/Texord/t-snp-debin.pdf
snp_dd,normativa_general,Sistema Nacional de Pagos - Débitos Directos,t-snp-dd.pdf,https://www.bcra.gob.ar/archivos/Pdfs/Texord/t-snp-dd.pdf
snp_mep,normativa_general,Sistema Nacional de Pagos - Medio electrónico de pagos (MEP),t-snp-mep.pdf,https://www.bcra.gob.ar/archivos/Pdfs/Texord/t-snp-mep.pdf
snp_spd,normativa_general,Sistema Nacional de Pagos - Servicios de pago.,t-snp-spd.pdf,https://www.bcra.gob.ar/archivos/Pdfs/Texord/t-snp-spd.pdf
snp_tr_nc,normativa_general,Sistema Nacional de Pagos - Transferencias - Normas complementarias.,t-snp-tr-nc.pdf,https://www.bcra.gob.ar/archivos/Pdfs/Texord/t-snp-tr-nc.pdf
snp_tr,normativa_general,Sistema Nacional de Pagos - Transferencias.,t-SNP-tr.pdf,https://www.bcra.gob.ar/archivos/Pdfs/Texord/t-SNP-tr.pdf
socgar,normativa_general,Sociedades de garantía recíproca inscriptas en el Banco Central.,t-socgar.pdf,https://www.bcra.gob.ar/archivos/Pdfs/Texord/t-socgar.pdf
supcon,normativa_general,Supervisión consolidada,t-supcon.pdf,https://www.bcra.gob.ar/archivos/Pdfs/Texord/t-supcon.pdf
tasint,normativa_general,Tasas de interés en las operaciones de crédito,t-tasint.pdf,https://www.bcra.gob.ar/archivos/Pdfs/Texord/t-tasint.pdf
traval,normativa_general,Transportadoras de valores,t-traval.pdf,https://www.bcra.gob.ar/archivos/Pdfs/Texord/t-traval.pdf
venliq,normativa_general,Ventanilla de liquidez del BCRA.,t-venliq.pdf,https://www.bcra.gob.ar/archivos/Pdfs/Texord/t-venliq.pdf
verac,normativa_general,Veracidad de las registraciones contables,t-verac.pdf,https://www.bcra.gob.ar/archivos/Pdfs/Texord/t-verac.pdf
ri2_cs,regimen_informativo,RI - Casas y Agencias de Cambio - Contable Anual,t-RI2-CS.pdf,https://www.bcra.gob.ar/archivos/Pdfs/Texord/t-RI2-CS.pdf
ri2_pm,regimen_informativo,RI - Casas y Agencias de Cambio - Plan y Manual de Cuentas,t-RI2-PM.pdf,https://www.bcra.gob.ar/archivos/Pdfs/Texord/t-RI2-PM.pdf
ri_dcpc,regimen_informativo,RI - Disposiciones complementarias al plan de cuentas.,RI-DCPC.pdf,https://www.bcra.gob.ar/archivos/Pdfs/Texord/RI-DCPC.pdf
ri_niif,regimen_informativo,RI - Estados financieros para publicación trimestral/anual.,RI-NIIF.pdf,https://www.bcra.gob.ar/archivos/Pdfs/Texord/RI-NIIF.pdf
ri_fcem,regimen_informativo,RI - Facturas de Crédito Electrónicas MiPyME.,t-RI-FCEM.pdf,https://www.bcra.gob.ar/archivos/Pdfs/Texord/t-RI-FCEM.pdf
ri_icpipsp,regimen_informativo,RI - Informe de Contadores Públicos Independientes sobre el cumplimiento de las Normas del BCRA por parte de los Proveedores de Servicios de Pago.,t-RI-ICPIPSP.pdf,https://www.bcra.gob.ar/archivos/Pdfs/Texord/t-RI-ICPIPSP.pdf
ri_iesinap,regimen_informativo,RI - Informe especial de cumplimiento requerido por el punto 1.5.5.10. de las normas sobre “Sistema Nacional de Pagos Transferencias Normas complementarias”,t-RI-IESINAP.pdf,https://www.bcra.gob.ar/archivos/Pdfs/Texord/t-RI-IESINAP.pdf
ri_ieccm,regimen_informativo,"RI - Informe Especial respecto del cumplimiento de Capitales Mínimos (Comunicación ""A"" 7584)",t-RI-IECCM.pdf,https://www.bcra.gob.ar/archivos/Pdfs/Texord/t-RI-IECCM.pdf
ri_iepsp,regimen_informativo,"RI - Informe especial sobre el cumplimiento de las normas sobre ""Proveedores no financieros de crédito"".",t-RI-IEPSP.pdf,https://www.bcra.gob.ar/archivos/Pdfs/Texord/t-RI-IEPSP.pdf
manual,regimen_informativo,RI - Manual de Cuentas vigente al 31/12/17.,manual.pdf,https://www.bcra.gob.ar/archivos/Pdfs/Texord/manual.pdf
plandecuentas,regimen_informativo,RI - Plan de cuentas.,plandecuentas.pdf,https://www.bcra.gob.ar/archivos/Pdfs/Texord/plandecuentas.pdf
ri_pnp,regimen_informativo,RI - Plan de negocios y proyecciones.,t-ri-pnp.pdf,https://www.bcra.gob.ar/archivos/Pdfs/Texord/t-ri-pnp.pdf
ri_pfmipyme,regimen_informativo,RI - Plataformas para el Financiamiento MiPyME.,t-RI-PFMIPYME.pdf,https://www.bcra.gob.ar/archivos/Pdfs/Texord/t-RI-PFMIPYME.pdf
ri_laft,regimen_informativo,"RI - Prevención del Lavado de Activos, del Financiamiento del Terrorismo y Otras Actividades Ilícitas.",t-RI-LAFT.pdf,https://www.bcra.gob.ar/archivos/Pdfs/Texord/t-RI-LAFT.pdf
ri_pscpp,regimen_informativo,RI - Proveedores de servicios de créditos entre particulares a través de plataformas (RI-PSCPP),t-RI-PSCPP.pdf,https://www.bcra.gob.ar/archivos/Pdfs/Texord/t-RI-PSCPP.pdf
ri_pspapt,regimen_informativo,RI - Proveedores de Servicios de Pago - Adquirentes de pagos con tarjeta,t-RI-PSPAPT.pdf,https://www.bcra.gob.ar/archivos/Pdfs/Texord/t-RI-PSPAPT.pdf
ri_pspii,regimen_informativo,RI - Proveedores de Servicios de Pago - Información Contable,t-RI-PSPII.pdf,https://www.bcra.gob.ar/archivos/Pdfs/Texord/t-RI-PSPII.pdf
ri_psprca,regimen_informativo,RI - Proveedores de Servicios de Pago – Redes de Cajeros Automáticos,t-RI-PSPRCA.pdf,https://www.bcra.gob.ar/archivos/Pdfs/Texord/t-RI-PSPRCA.pdf
ri_psp,regimen_informativo,RI - Proveedores de servicios de pago que ofrecen cuentas de pago.,t-RI-PSP.pdf,https://www.bcra.gob.ar/archivos/Pdfs/Texord/t-RI-PSP.pdf
ri_acsf,regimen_informativo,RI Cont. Mensual - Agencias complementarias de servicios financieros.,t-RI-ACSF.pdf,https://www.bcra.gob.ar/archivos/Pdfs/Texord/t-RI-ACSF.pdf
ri_ao,regimen_informativo,RI Cont. Mensual - Anticipo de Operaciones.,t-RI-AO.pdf,https://www.bcra.gob.ar/archivos/Pdfs/Texord/t-RI-AO.pdf
ribspc,regimen_informativo,RI Cont. Mensual - Balance de Saldos.,t-RIbspc.pdf,https://www.bcra.gob.ar/archivos/Pdfs/Texord/t-RIbspc.pdf
ri_bdp,regimen_informativo,RI Cont. Mensual - Base de Datos Padrón,t-RI-BDP.pdf,https://www.bcra.gob.ar/archivos/Pdfs/Texord/t-RI-BDP.pdf
ri_chr,regimen_informativo,RI Cont. Mensual - Cheques Rechazados,t-RI-CHR.pdf,https://www.bcra.gob.ar/archivos/Pdfs/Texord/t-RI-CHR.pdf
ri_dsf,regimen_informativo,RI Cont. Mensual - Deudores del Sistema Financiero y Composición de los conjuntos económicos.,t-RI-DSF.pdf,https://www.bcra.gob.ar/archivos/Pdfs/Texord/t-RI-DSF.pdf
ri_rml,regimen_informativo,RI Cont. Mensual - Efectivo mínimo y aplicación de recursos,t-RI-RML.pdf,https://www.bcra.gob.ar/archivos/Pdfs/Texord/t-RI-RML.pdf
ri_con,regimen_informativo,RI Cont. Mensual - Estado de Consolidación de Entidades Locales con Filiales y Subsidiarias Significativas en el País y en el Exterior.,t-RI-Con.pdf,https://www.bcra.gob.ar/archivos/Pdfs/Texord/t-RI-Con.pdf
ri_esd,regimen_informativo,RI Cont. Mensual - Estado de Situación de Deudores Consolidado con Filiales y Subsidiarias Significativas en el País y en el Exterior .,t-RI-ESD.PDF,https://www.bcra.gob.ar/archivos/Pdfs/Texord/t-RI-ESD.PDF
ri_tar,regimen_informativo,RI Cont. Mensual - Financiamiento con tarjetas de crédito,t-RI-TAR.pdf,https://www.bcra.gob.ar/archivos/Pdfs/Texord/t-RI-TAR.pdf
ri_gerc,regimen_informativo,RI Cont. Mensual - Grandes exposiciones al riesgo de crédito.,t-RI-GERC.pdf,https://www.bcra.gob.ar/archivos/Pdfs/Texord/t-RI-GERC.pdf
ri_ii_31_12_19,regimen_informativo,RI Cont. Mensual - Información Institucional de Entidades Financieras y Cambiarias - Vigente a partir del 31.12.19,t-RI-II-31-12-19.pdf,https://www.bcra.gob.ar/archivos/Pdfs/Texord/t-RI-II-31-12-19.pdf
ri_itme,regimen_informativo,RI Cont. Mensual - Información sobre tenencias en moneda extranjera de casas y agencias de cambio.,t-RI-ITME.pdf,https://www.bcra.gob.ar/archivos/Pdfs/Texord/t-RI-ITME.pdf
ri_msrl,regimen_informativo,RI Cont. Mensual - Medición y Seguimiento del Riesgo de Liquidez,t-RI-MSRL.pdf,https://www.bcra.gob.ar/archivos/Pdfs/Texord/t-RI-MSRL.pdf
ri_mmsef,regimen_informativo,RI Cont. Mensual - Medidas mínimas de seguridad en entidades financieras,t-RI-MMSEF.pdf,https://www.bcra.gob.ar/archivos/Pdfs/Texord/t-RI-MMSEF.pdf
ri_nge,regimen_informativo,RI Cont. Mensual - Normas generales,t-RI-nge.pdf,https://www.bcra.gob.ar/archivos/Pdfs/Texord/t-RI-nge.pdf
ri_ot,regimen_informativo,RI Cont. Mensual - Operaciones a Término,t-RI-OT.pdf,https://www.bcra.gob.ar/archivos/Pdfs/Texord/t-RI-OT.pdf
ri_oc,regimen_informativo,RI Cont. Mensual - Operaciones de Cambio,t-RI-OC.pdf,https://www.bcra.gob.ar/archivos/Pdfs/Texord/t-RI-OC.pdf
ri_rem,regimen_informativo,RI Cont. Mensual - Pago de Remuneraciones mediante Acreditación en Cuenta Bancaria.,t-RI-Rem.pdf,https://www.bcra.gob.ar/archivos/Pdfs/Texord/t-RI-Rem.pdf
ri_pgn,regimen_informativo,RI Cont. Mensual - Posición Global Neta en Moneda Extranjera,t-RI-PGN.pdf,https://www.bcra.gob.ar/archivos/Pdfs/Texord/t-RI-PGN.pdf
ri_rcl,regimen_informativo,RI Cont. Mensual - Ratio de Cobertura de Liquidez,t-RI-RCL.pdf,https://www.bcra.gob.ar/archivos/Pdfs/Texord/t-RI-RCL.pdf
ri_cr,regimen_informativo,RI Cont. Mensual - Reclamos,t-RI-CR.pdf,https://www.bcra.gob.ar/archivos/Pdfs/Texord/t-RI-CR.pdf
ri_ai,regimen_informativo,RI Cont. Mensual - Relación para los activos inmovilizados y otros conceptos,t-RI-AI.pdf,https://www.bcra.gob.ar/archivos/Pdfs/Texord/t-RI-AI.pdf
ri_saofe,regimen_informativo,RI Cont. Mensual - Seguimiento de anticipos y otras financiaciones de exportaciones.,t-RI-SAOFE.pdf,https://www.bcra.gob.ar/archivos/Pdfs/Texord/t-RI-SAOFE.pdf
ri_secoexpo,regimen_informativo,RI Cont. Mensual - Seguimiento de las negociaciones de divisas de exportaciones de bienes.,t-RI-SECOEXPO.pdf,https://www.bcra.gob.ar/archivos/Pdfs/Texord/t-RI-SECOEXPO.pdf
ri_spi,regimen_informativo,RI Cont. Mensual - Seguimiento de Pagos de Importaciones.,t-RI–SPI.pdf,https://www.bcra.gob.ar/archivos/Pdfs/Texord/t-RI–SPI.pdf
ri_tvf,regimen_informativo,RI Cont. Mensual - Títulos Valores,t-RI-TVF.pdf,https://www.bcra.gob.ar/archivos/Pdfs/Texord/t-RI-TVF.pdf
ri_tii,regimen_informativo,RI Cont. Mensual - Transferencias Inmediatas Intraentidades,t-RI-TII.pdf,https://www.bcra.gob.ar/archivos/Pdfs/Texord/t-RI-TII.pdf
ri_transpa,regimen_informativo,RI Cont. Mensual - Transparencia,t-RI-Transpa.pdf,https://www.bcra.gob.ar/archivos/Pdfs/Texord/t-RI-Transpa.pdf
ri_sef,regimen_informativo,RI Cont. Mensual - Unidades de servicios de las entidades financieras,t-RI-SEF.pdf,https://www.bcra.gob.ar/archivos/Pdfs/Texord/t-RI-SEF.pdf
ri_cc,regimen_informativo,RI para Cajas de Crédito - contable,t-ri-cc.pdf,https://www.bcra.gob.ar/archivos/Pdfs/Texord/t-ri-cc.pdf
ri_ccna,regimen_informativo,RI para Cajas de Crédito - Normas de Auditoría,t-RI-CcNA.pdf,https://www.bcra.gob.ar/archivos/Pdfs/Texord/t-RI-CcNA.pdf
ri_ccpnp,regimen_informativo,RI para Cajas de Crédito - Plan de Negocios y Proyecciones,t-RI-CCPNP.pdf,https://www.bcra.gob.ar/archivos/Pdfs/Texord/t-RI-CCPNP.pdf
ri_tsa,regimen_informativo,RI para supervisión,t-RI-TSA.pdf,https://www.bcra.gob.ar/archivos/Pdfs/Texord/t-RI-TSA.pdf
