id_lectura,nodo_id,tipo,to,punto,chunk_id,descripcion,destinos_parafrasis,destinos_texto_e0,solo_parafrasis,solo_texto_e0,destinos_remite_a_r2a_informativo,texto_e0_propio,texto_e0_heredado
A01,Excepcion_la_perdida_de_beneficios_y_o_baja_de_restantes_productos_o_servicios_no_aplica_a_2b8ba9,Excepcion,pro,2.3.1.2,pro::2.3.1.2,"La pérdida de beneficios y/o baja de restantes productos o servicios no aplica a cajas de ahorros en pesos cuando se encuentren abiertas, dado que éstas no integran los paquetes multiproducto",,pro::2.4,,pro::2.4,pro::2.4,"2.3.1.2. Contratos multiproducto.
En materia de libertad de elección de productos o servicios financieros brinda-
dos por los sujetos obligados, se admitirán contratos multiproducto en la medi-
da en que las secciones correspondientes a cada producto puedan escindirse
en contratos individuales autónomos, de manera tal que cada usuario pueda
adherir solamente a el/los producto/s que efectivamente le interese/n.
La revocación o rescisión de un producto o servicio integrante de un contrato
multiproducto podrá implicar, cuando el sujeto obligado así lo disponga, la pér-
dida de beneficios y/o la baja de los restantes productos o servicios asociados,
excepto cajas de ahorros en pesos –cuando se encuentren abiertas– dado que
éstas no integran los paquetes multiproducto (punto 1.4. del TO sobre Depósi-
tos de Ahorro, Cuenta Sueldo y Especiales).
En esos casos, cuando se genere un incremento en el costo total de los restan-
tes productos o servicios, dicha circunstancia deberá ser informada previamen-
te al usuario de servicios financieros indicando los medios disponibles para
efectuar la consulta de los nuevos valores –según lo previsto en materia de
publicidad en el punto 2.4.–.","[encabezado S2] Sección 2. Derechos básicos de los usuarios de servicios financieros.
[encabezado 2.3] 2.3. Recaudos mínimos de la relación de consumo.
[encabezado 2.3.1] 2.3.1. Al momento de la contratación del producto o servicio.
[intro 2.3.1] Las entidades financieras, ante requerimientos de apertura de cuentas a la vista por
parte de los usuarios de servicios financieros, deberán ofrecer la “Caja de ahorros” en
pesos con las prestaciones previstas en el punto 1.8. de las normas sobre “Depósitos
de ahorro, cuenta sueldo y especiales” y conservar constancia del ofrecimiento expreso."
A02,Operacion_venta_con_obligacion_de_recompra_bopreal_60f4d5,Operacion,ext,4.8.6.1,ext::4.8.6.1,operación de venta con obligación de recompra utilizando bonos BOPREAL adquiridos en una suscripción primaria,,ext::4.8.2,,ext::4.8.2,ext::4.8.2,"4.8.6.1. la venta de los títulos en el origen de la operación no deberá tenerse en
cuenta a los efectos de la confección de las declaraciones juradas previstas
en los puntos 3.16.3.1. y 3.16.3.2., en línea con lo previsto en el primer
párrafo del punto 4.8.2.","[encabezado S4] Sección 4. Otras disposiciones específicas.
[encabezado 4.8] 4.8. Disposiciones complementarias asociadas a los Bonos para la Reconstrucción de una
[intro 4.8] Argentina Libre (BOPREAL).
[encabezado 4.8.6] 4.8.6. En el caso de que un cliente haya concretado una operación de venta con obligación
[intro 4.8.6] de recompra utilizando los bonos BOPREAL adquiridos en una suscripción primaria
complementariamente será aplicable lo siguiente:"
A03,Excepcion_el_cliente_es_un_vehiculo_de_proyecto_unico_vpu_adherido_al_regimen_de_incentivo_d68027,Excepcion,ext,3.5.6.5,ext::3.5.6.5,el cliente es un Vehículo de Proyecto Único (VPU) adherido al Régimen de Incentivo para Grandes Inversiones (RIGI) que cancela capital o intereses de endeudamientos financieros comprendidos en este punto 3.5,ext::3.5,ext::14.2.1 ext::3.5,,ext::14.2.1,ext::14.2.1 ext::3.5,"3.5.6.5. el cliente es un Vehículo de Proyecto Único (VPU) adherido al Régimen de
Incentivo para Grandes Inversiones (RIGI) que cancela capital o intereses de
endeudamientos financieros comprendidos en este punto 3.5. en el marco de
lo previsto en el punto 14.2.1.","[encabezado S3] Sección 3. Disposiciones específicas para los egresos por el mercado de cambios
[chapeau_seccion S3] Las entidades previamente a dar acceso al mercado de cambio por las operaciones comprendidas
en los puntos 3.1. a 3.15. –incluyendo aquellas que se concreten a través de canjes o arbitrajes–,
adicionalmente a los requisitos y condiciones específicas detalladas en cada punto, deberán
cumplimentar los requisitos complementarios que constan en el punto 3.16. que resulten aplicables.
[encabezado 3.5] 3.5. Pagos de títulos de deuda suscriptos en el exterior y endeudamientos financieros con el
[intro 3.5] exterior.
Las entidades podrán dar acceso al mercado de cambios para realizar pagos de capital o
intereses de títulos de deuda con registro público en el exterior, otros endeudamientos
financieros con el exterior y títulos de deuda con registro público en el país denominados en
moneda extranjera íntegramente suscriptos en el exterior, en la medida que se verifiquen las
siguientes condiciones:
[encabezado 3.5.6] 3.5.6. Se requerirá la conformidad previa del BCRA para el acceso al mercado de cambios
[intro 3.5.6] para la cancelación de capital e intereses de endeudamientos financieros
comprendidos en este punto 3.5. cuando el acreedor sea una contraparte vinculada al
deudor.
Este requisito no resultará aplicable cuando la operación encuadre en alguna de las
siguientes situaciones:
[cierre 3.5.6] Las deudas comprendidas en este punto continuarán sujetas a la conformidad previa
aun cuando existiese una modificación del acreedor o del deudor que conlleve a que
ya no exista una vinculación entre el acreedor y el deudor residente."
A04,Obligacion_si_existen_fondos_destinados_al_pago_de_fletes_de_importaciones_de_bienes_no_inc_418390,Obligacion,ext,7.11.2.2,ext::7.11.2.2,"Si existen fondos destinados al pago de fletes de importaciones de bienes no incluidos en la condición de compra se deberá demostrar que a la fecha de origen de la financiación contaba con una declaración SIRASE en estado ""APROBADA""",,ext::7.11.1.2 ext::7.11.1.3 ext::7.11.1.4 ext::7.11.1.5 ext::7.11.1.6,,ext::7.11.1.2 ext::7.11.1.3 ext::7.11.1.4 ext::7.11.1.5 ext::7.11.1.6,,"7.11.2.2. En caso de que la fecha de origen de la financiación haya tenido lugar
hasta el 12/12/23 se deberá verificar que:
i) el importador haya demostrado que a la fecha de origen de la
financiación contaba con una declaración SIRA en estado “SALIDA” o
“CANCELADA” para los bienes comprendidos en la operación y que
los bienes no corresponden a las posiciones arancelarias
comprendidas en el punto 12.2. del Anexo de la Comunicación A 7914.
ii) si existiesen fondos destinados al pago de fletes de importaciones de
bienes no incluidos en la condición de compra se deberá demostrar
que a la fecha de origen de la financiación contaba con una
declaración SIRASE en estado “APROBADA”.
Para las operaciones comprendidas en los puntos 7.11.1.2. a 7.11.1.6. lo
requerido respecto a las declaraciones SIRA o SIRASE resulta aplicable al
momento en que se concreta el pago al proveedor de bienes o de servicios
de fletes, según corresponda.","[encabezado S7] Sección 7. Cobros de exportaciones de bienes.
[encabezado 7.11] 7.11. Financiaciones asociadas a importaciones de bienes habilitadas para la aplicación de cobros
[intro 7.11] de exportaciones de bienes.
[encabezado 7.11.2] 7.11.2. La aplicación de las divisas a las operaciones señaladas será admitida en la medida
[intro 7.11.2] que se verifiquen la totalidad de las siguientes condiciones:
[cierre 7.11.2] La entidad deberá verificar los requisitos habituales a los efectos de certificar la
aplicación de divisas a la cancelación de la financiación."
A05,Obligacion_en_el_caso_de_retitulizaciones_cuya_cartera_subyacente_consista_en_tramos_de_tit_336efb,Obligacion,cap,3.1.11.2,cap::3.1.11.2,"En el caso de retitulizaciones cuya cartera subyacente consista en tramos de titulización y en otros activos, W será cero para las posiciones de titulización y la que corresponda según lo previsto para los activos subyacentes que no son titulizaciones.",,cap::3.1.14,,cap::3.1.14,,"3.1.11.2. Cálculo de las variables.
i) K .
SA
Es la exigencia de capital promedio de las exposiciones subyacentes; es
decir, el ratio entre la suma de las exposiciones subyacentes ponderadas
por riesgo y la suma de las exposiciones subyacentes, todo multiplicado
por 8 %. El cálculo deberá reflejar los efectos de cualquier cobertura del
riesgo de crédito que corresponda aplicar a las exposiciones subyacentes
(individualmente o al conjunto). K es un porcentaje entre cero y cien; es
SA
decir, si el ponderador de riesgo medio ponderado fuera 100 %, K será
SA
igual a 8 %.
Cuando la estructura involucre a un SPE, se considerará que todas las ex-
posiciones del SPE vinculadas a la titulización integran el conjunto de acti-
vos subyacentes. Esto incluye a los activos en los que ha invertido el SPE,
las reservas (“reserve accounts”), las cuentas de efectivo en garantía y los
derechos frente a las contrapartes por “swaps” de tasa de interés o de mo-
neda. No obstante, a los fines del cálculo de la exigencia de capital, la en-
tidad podrá excluir del conjunto de activos subyacentes a las exposiciones
del SPE si puede demostrar que el riesgo no afecta a su posición de tituli-
zación o, en su defecto, que el riesgo es insignificante porque, por ejemplo,
ha sido mitigado.
En el caso de las titulizaciones sintéticas a las que se aporten fondos, se
deberán computar para el cálculo del K los montos recibidos por los ins-
SA
trumentos con vinculación crediticia (“credit linked note”) u otros pasivos
suscriptos por el SPE, cuando dichos importes sirvan como garantía del
repago de la exposición titulizada en cuestión y el riesgo de incumplimiento
esté sujeto a la asignación de pérdidas por tramos. Ello a menos que la en-
tidad pueda demostrar que el riesgo de incumplimiento es insignificante.
En los casos en los que la entidad haya constituido una previsión específi-
ca o tenga un descuento no reembolsable en el precio de compra de su
exposición al conjunto de activos subyacentes, el cálculo de K deberá
SA
efectuarse usando el monto bruto de la exposición –es decir, sin deducir la
previsión específica y/o el descuento no reembolsable en el precio de
compra–.
ii) W.
La variable W es el ratio entre el monto nominal de las exposiciones sub-
yacentes en mora y el monto nominal de las exposiciones subyacentes.
Se consideran en mora a las exposiciones subyacentes cuando se verifi-
quen atrasos en los pagos de 90 días o más, estén sujetas a procedimien-
tos de quiebra o concurso o en proceso de ejecución o consistan en bienes
inmuebles adquiridos en defensa del crédito o se trate de exposiciones que
se encuentren en situación de incumplimiento en los términos definidos en
los contratos de titulización.
En el caso de retitulizaciones cuya cartera subyacente consista en tramos
de titulización y en otros activos, W será cero para las posiciones de tituli-
zación y la que corresponda según lo previsto en los dos párrafos prece-
dentes para los activos subyacentes que no son titulizaciones, si los hubie-
ra.
iii) K .
A
K se obtiene a partir de K y W conforme a la siguiente expresión:
A SA
En el caso de retitulizaciones cuya cartera subyacente consista en tramos
de titulización y en otros activos, se deberá calcular por separado el K co-
A
rrespondiente a cada subconjunto aplicando W por separado de conformi-
dad con lo previsto en el acápite ii). Consecuentemente, K para la exposi-
A
ción a una retitulización será equivalente al promedio, ponderado por la
exposición nominal, de los K correspondientes a cada subconjunto.
A
En caso de que se desconozca la situación de cumplimiento correspon-
diente al 5 % o menos de las exposiciones subyacentes, se deberá ajustar
el cálculo de K de la siguiente manera:
A
Si la entidad no conociera la situación de cumplimiento para más del 5 %
de la posición de titulización, ésta deberá ponderarse al 1250 %.
iv) K .
SSFA(KA)
La exigencia de capital por unidad de posición de titulización, K , se
SSFA(KA)
calculará conforme a lo siguiente:
donde:
p = 0,5 si la titulización cumple con los criterios STC del punto
3.1.14.
p = 1 si la titulización no cumple con los criterios STC del punto
3.1.14.
p = 1,5 si se trata de una retitulización.","[encabezado S3] Sección 3. Capital mínimo por riesgo de crédito. Titulizaciones e inversiones en fon- dos.
[encabezado 3.1] 3.1. Tratamiento de las titulizaciones.
[intro 3.1] Se denomina “posición de titulización” a la exposición a una titulización (o retitulización), tradi-
cional o sintética, o a una estructura con similares características.
La exposición a los riesgos de una titulización puede surgir, entre otros, de los siguientes con-
ceptos: tenencia de títulos valores emitidos en el marco de la titulización –es decir, títulos de
deuda y/o certificados de participación, tales como bonos de titulización de activos (“Asset-
Backed Securities”, ABS) y bonos de titulización hipotecaria (“Mortgage-Backed Securities”,
MBS)–, mejoras crediticias, facilidades de liquidez, “swaps” de tasa de interés o de monedas y
derivados de crédito. Las reservas (“reserve accounts”), tales como las cuentas de garantía en
efectivo, se considerarán como un activo para la entidad financiera originante, recibiendo tam-
bién el tratamiento de posiciones de titulización.
Dado que las titulizaciones pueden estructurarse de diferentes formas, la exigencia de capital
para una posición de titulización se determinará teniendo en cuenta su realidad o finalidad eco-
nómica y no su forma jurídica. En los casos en que exista incertidumbre acerca de si una de-
terminada operación debe considerarse como titulización, la entidad deberá aplicar el criterio
que estime mejor se ajusta a la realidad económica de la operación e informar a la SEFyC los
fundamentos que lo sustenten.
[encabezado 3.1.11] 3.1.11. Enfoque estandarizado.
[intro 3.1.11] Los ponderadores de riesgo a aplicar a las posiciones de una titulización y a las exposi-
ciones subyacentes de una retitulización para la determinación de la exigencia de capi-
tal se establecerán empleando las disposiciones de este punto.
Las posiciones de titulización a las que no se les pueda aplicar el enfoque estandariza-
do deberán ser ponderadas al 1250 %."
A06,Operacion_informar_reduccion_exigencia_en_partida_36000004_5b7f27,Operacion,ric,5.1.3.2,ric::5.1.3.2,Se informará la correspondiente reducción de exigencia en la partida 36000004 cuando los límites aplicables sobre el promedio de las exigencias por riesgo crediticio de los 36 meses anteriores al bajo informe resulte inferior al informado en el código 70300000. Cálculo para Grupo C: 70300000 - [0.14 * (ERC(n-1) + ... + ERC(n-36)) / 36],,ric::5.1.3.1,,ric::5.1.3.1,,"5.1.3.2. Reducción. Límite general.
Se informará la correspondiente reducción de exigencia en las partidas
36000001 ó 36000004 cuando los límites aplicables sobre el promedio de las
exigencias por riesgo crediticio de los 36 meses anteriores al bajo informe, resul-
te inferior al informado en el código 70300000. Dicho cálculo responderá a la si-
guiente expresión:
Ent idad % Partida Cómputo
36

A 20 70300000 - [0.20 * ( ERC(n-1) + ... + ERC(n-36)) / 36]
1
36000001
36

B 17 70300000 - [0.17 * ( ERC(n-1) + ... + ERC(n-36)) / 36]
1
36

C 14 36000004 70300000 - [0.14 * ( ERC(n-1) + ... + ERC(n-36)) / 36]
1
donde:
36
( ERC + ... + ERC ) / 36 = promedio de las exigencias por riesgo de
(n-1) (n-36)
1
crédito correspondientes a los 36 meses anteriores al período a informar,
expresadas en moneda homogénea del mes anterior al que se efectúa el
cálculo.
ERC = Partida 70100000 + ∑ 8XX00000
Esta reducción se aplicará respecto de las entidades que cumplan los requisi-
tos aludidos en el punto 5.1.3.1., precedente.","[encabezado S5] Sección 5. Exigencia por riesgo operacional
[encabezado 5.1] 5.1. Normas de procedimiento
[encabezado 5.1.3] 5.1.3. Reducción de la exigencia para entidades financieras del Grupo 2 que pertenezcan a
[intro 5.1.3] los Grupos “A”, “B” y “C”."
A07,Obligacion_los_rechazos_de_cheques_generaran_las_multas_legalmente_establecidas__ctacte_6_5_13b8dc,Obligacion,ctacte,6.5,ctacte::6.5::intro,Los rechazos de cheques generarán las multas legalmente establecidas,,ctacte::6.4.3,,ctacte::6.4.3,ctacte::6.4.3,"Los rechazos de cheques generarán las multas legalmente establecidas, según se consigna a
continuación y determinarán la obligación de la entidad, según lo establecido en el punto 6.4.3.,
de informarlos al BCRA, conforme al régimen operativo establecido.","[encabezado S6] Sección 6. Rechazo de cheques.
[encabezado 6.5] 6.5. Multas."
A08,Operacion_otorgamiento_de_nuevas_financiaciones_996921,Operacion,polcre,7.1,polcre::7.1::cierre,"Otorgamiento de nuevas financiaciones en pesos, siempre que con tales desembolsos no se supere el importe de $30.000 millones",,polcre::7.1.1,,polcre::7.1.1,,"Cuando el cliente reúna la condición del punto 7.1.1. pero el importe total de sus financiaciones
en pesos en el sistema financiero no supere el importe de $ 30.000 millones y no haya mante-
nido pases y/o cauciones bursátiles tomadas –en pesos– durante los últimos 90 días corridos,
la entidad financiera podrá otorgarle nuevas financiaciones en la medida que con tales desem-
bolsos no se supere ese importe.
Cuando se trate de conjuntos económicos se los considerará como un solo cliente, a cuyo
efecto será de aplicación el punto 1.2.2. de las normas sobre “Grandes exposiciones al riesgo
de crédito”.
A los fines de la imputación de las financiaciones, será de aplicación lo previsto en las normas
sobre “Grandes exposiciones al riesgo de crédito”.","[encabezado S7] Sección 7. Financiaciones a “Grandes empresas exportadoras”.
[encabezado 7.1] 7.1. Clientes comprendidos."
A09,Obligacion_el_contrato_de_fideicomiso_debera_incluir_el_modo_de_sustitucion_del_fiduciario__f2e648,Obligacion,cap,3.1.14.3,cap::3.1.14.3,El contrato de fideicomiso deberá incluir el modo de sustitución del fiduciario en el caso de que cese por algunas de las causales previstas en el Código Civil y Comercial de la Nación.,,cap::3.1.14.2,,cap::3.1.14.2,cap::3.1.14.2,"3.1.14.3. Riesgo del fiduciario y del administrador.
i) Responsabilidades fiduciarias y contractuales.
A fin de asegurar que los fiduciarios y administradores tengan amplia ex-
periencia, conocimiento de la legislación y probada trayectoria en la miti-
gación de riesgos, deberán demostrar que cuentan con habilidades y ex-
periencia en la administración de los activos subyacentes y del SPE, res-
paldados por un equipo de gestión con amplia experiencia en la industria.
El fiduciario o administrador deberá en todo momento actuar en forma ra-
zonable, prudente y oportuna, persiguiendo el mejor interés para los te-
nedores de los títulos valores.
Las políticas, procedimientos y controles de gestión de riesgos deberán
estar bien documentados, adherir a buenas prácticas de mercado y cum-
plir con la regulación aplicable.
Se deberá evaluar si los sistemas de información y las funciones de
reporte son adecuados, pudiéndose basar en revisiones de terceros inde-
pendientes en el caso de fiduciarios o administradores que no sean una
entidad financiera. En este último caso, una revisión adecuada podría ba-
sarse en el régimen de supervisión aplicable a este tipo de entidades.
Tanto en la oferta inicial como en la documentación contractual debería
incluirse disposiciones que favorezcan la resolución temprana de los con-
flictos que surjan entre las diferentes clases de tenedores –por ejemplo,
ante un tribunal arbitral–.
La forma de la remuneración de quienes tengan responsabilidad fiduciaria
debería generar incentivos adecuados de modo tal que la ejecución de
sus tareas se haga en forma adecuada y oportuna.
ii) Transparencia hacia los inversores.
Para asegurar total transparencia hacia los inversores, asistirlos en el
proceso de debida diligencia y evitar que se vean sujetos a disrupciones
inesperadas en la cobranza de flujos de fondos y servicios, las obligacio-
nes contractuales, deberes y responsabilidades de los participantes de la
titulización –incluyendo tanto a aquellos con responsabilidad fiduciaria
como a los proveedores de servicios auxiliares–, deberán estar claramen-
te definidos en la oferta inicial y en los documentos de apoyo de la tituli-
zación –entendidos de acuerdo al criterio previsto en el acápite v) del pun-
to 3.1.14.2.–.
El contrato de fideicomiso deberá incluir el modo de sustitución del fidu-
ciario en el caso de que cese por algunas de las causales previstas en el
Código Civil y Comercial de la Nación.
También deberían incluirse disposiciones que contemplen el reemplazo
de los administradores, los proveedores de cuentas bancarias, las contra-
partes en los contratos de derivados y los proveedores de liquidez en el
evento de incumplimiento o insolvencia u otro tipo de deterioro de la si-
tuación crediticia de cualquiera de ellos.
Para mejorar la transparencia y claridad sobre todos los ingresos, egresos
y demás registros, los reportes de desempeño para los inversores deben
distinguir e informar los ingresos y egresos de la titulización, tales como:
los pagos programados de principal e intereses, rescates, amortizaciones
anticipadas, intereses vencidos, esperas y prórrogas, comisiones y car-
gos, montos en mora, reestructurados o con períodos de gracia y recom-
pra de activos, incluyendo un registro contable preciso de los montos atri-
buibles a principal e intereses.","[encabezado S3] Sección 3. Capital mínimo por riesgo de crédito. Titulizaciones e inversiones en fon- dos.
[encabezado 3.1] 3.1. Tratamiento de las titulizaciones.
[intro 3.1] Se denomina “posición de titulización” a la exposición a una titulización (o retitulización), tradi-
cional o sintética, o a una estructura con similares características.
La exposición a los riesgos de una titulización puede surgir, entre otros, de los siguientes con-
ceptos: tenencia de títulos valores emitidos en el marco de la titulización –es decir, títulos de
deuda y/o certificados de participación, tales como bonos de titulización de activos (“Asset-
Backed Securities”, ABS) y bonos de titulización hipotecaria (“Mortgage-Backed Securities”,
MBS)–, mejoras crediticias, facilidades de liquidez, “swaps” de tasa de interés o de monedas y
derivados de crédito. Las reservas (“reserve accounts”), tales como las cuentas de garantía en
efectivo, se considerarán como un activo para la entidad financiera originante, recibiendo tam-
bién el tratamiento de posiciones de titulización.
Dado que las titulizaciones pueden estructurarse de diferentes formas, la exigencia de capital
para una posición de titulización se determinará teniendo en cuenta su realidad o finalidad eco-
nómica y no su forma jurídica. En los casos en que exista incertidumbre acerca de si una de-
terminada operación debe considerarse como titulización, la entidad deberá aplicar el criterio
que estime mejor se ajusta a la realidad económica de la operación e informar a la SEFyC los
fundamentos que lo sustenten.
[encabezado 3.1.14] 3.1.14. Criterios para la determinación de titulizaciones simples, transparentes y comparables.
[intro 3.1.14] A los fines de establecer el ponderador de riesgo a aplicar de acuerdo con el enfoque
estandarizado –punto 3.1.11.–, una titulización se considerará simple, transparente y
comparable (STC) si:
-se trata de una titulización tradicional que no constituye un programa ABCP;
- involucra una transferencia real de activos –en los términos del acápite v) del punto
[intro 3.1.14] 3.1.14.1.–; y
[intro 3.1.14] - cumple con la totalidad de los criterios previstos en el presente punto (en adelante,
[intro 3.1.14] “criterios STC”).
[intro 3.1.14] El originante/fiduciario deberá divulgar toda la información necesaria respecto de la
transacción que permita a los inversores determinar si la titulización cumple con los cri-
terios STC. En base a la información provista, el inversor deberá realizar sus propias
evaluaciones respecto del cumplimiento de estos criterios previo a la aplicación del en-
foque estandarizado.
Para las posiciones retenidas en las que el originante haya transferido el riesgo de
acuerdo con lo establecido en los puntos 3.1.2.2. y 3.1.8.2. la determinación respecto
del cumplimiento de los criterios será efectuada únicamente por la entidad originante.
Los criterios STC deberán cumplirse en todo momento. Algunos de los criterios se de-
berán verificar sólo al momento de la originación o cuando se genere la posición –si és-
ta es posterior–, tal como en el caso de las garantías y las facilidades de liquidez. No
obstante, los inversores y tenedores de las posiciones de titulización deberán tener en
cuenta las modificaciones que puedan invalidar las evaluaciones de cumplimiento pre-
vias, tales como las deficiencias en la frecuencia y en el contenido de los informes a los
inversores o los cambios en la documentación contrarios a los criterios STC.
En los casos en que los criterios hagan referencia a activos subyacentes –incluidos los
criterios previstos en el punto 3.1.14.4.– y el conjunto de subyacentes admita la incorpo-
ración de nuevos activos, el cumplimiento estará sujeto a que se realicen verificaciones
cada vez que se incorporen esos nuevos activos.
Cuando la SEFyC detecte que una titulización no cumple con alguno de los criterios,
podrá exigir la implementación de acciones correctivas y/o determinar que se suspenda
el tratamiento STC para una o más posiciones de titulización."
A10,Restriccion_cargo_directo_de_capital_del_8_cuando_los_pagos_no_se_realicen_dentro_de_entre_5_37753f,Restriccion,ric,3.1.5,ric::3.1.5,Cargo directo de capital del 8% cuando los pagos no se realicen dentro de entre 5 y 15 días hábiles desde la fecha de liquidación,,cap::4.1.1,,cap::4.1.1,cap::4.1.1,"3.1.5. Operaciones DvP fallidas.
Las operaciones con entrega contra pago tendrán un cargo directo de capital
cuando los pagos no se realicen dentro de los cinco días hábiles desde la fe-
cha de liquidación, según lo establecido en el punto 4.1.1. de las normas so-
bre “Capitales mínimos de las entidades financieras”. Para determinar dicho
cargo se aplicará la siguiente tabla:
Código Días hábiles posteriores a la Cargo de capital
fecha de liquidación acordada -en %-
1310000 Entre 5 y 15 8
01320000 Entre 16 y 30 50
01330000 Entre 31 y 45 75
01340000 46 o más 100
0
Se informarán por el importe correspondiente al cargo de capital.","[encabezado S3] Sección 3. Exigencia por riesgo de crédito
[encabezado 3.1] 3.1. Normas de procedimiento."
A11,Operacion_aplicacion_ponderador_riesgo_contraparte_6afcd2,Operacion,ric,3.1.6,ric::3.1.6,"Aplicación del ponderador de riesgo (p) que corresponda a la contraparte, conforme punto 2.12. de las normas sobre Capitales mínimos de las entidades financieras.",,cap::4.2.1.1 cap::4.2.1.2,,cap::4.2.1.1 cap::4.2.1.2,cap::4.2.1.1 cap::4.2.1.2,"3.1.6. Exigencia por riesgo de crédito de contraparte en operaciones con derivados
-OTC) o negociados en mercados regulados- y con liquidación diferida.
La exigencia final (RCD) surgirá de la sumatoria de las exposiciones al ries-
go de crédito de contraparte determinadas para cada conjunto de neteo (pun-
to 4.2. de las normas sobre “Capitales mínimos de las entidades financieras”),
y se informará en el código 14000000.
Para su determinación se seguirá la siguiente metodología:
i) Exposición al riesgo de crédito de contraparte
EAD = α (CR + EPF)
donde:
α = 1,40
CR = Costo de reposición calculado de acuerdo con el punto 4.2.1.1. de
las normas sobre “Capitales mínimos de las entidades financieras”.
EPF = Exposición potencial futura calculada de acuerdo con el punto
4.2.1.2. de dicho ordenamiento.
En caso de acuerdos de márgenes y de conjuntos de neteo múltiples, se
aplicarán las disposiciones del punto 4.2.1.3. de las citadas disposiciones.
ii) Ajuste de valuación del crédito (CVA)
Para determinar el riesgo de pérdidas derivadas de valuar a precios de
mercado el riesgo de contraparte esperado, se aplicará la fórmula del
punto 4.2.2. de las normas sobre “Capitales mínimos de las entidades fi-
nancieras”.
iii) Ponderador de riesgo (p)
Se aplicará el ponderador que corresponda a la contraparte, de acuerdo
con lo establecido en el punto 2.12. de las normas sobre “Capitales mí-
nimos de las entidades financieras”.
iv) Exigencia final (RCD)
Surgirá de la sumatoria de las exigencias EAD informadas para cada con-
traparte, de acuerdo con la siguiente expresión:
RCD = 8% x p x EAD + K(CVA)","[encabezado S3] Sección 3. Exigencia por riesgo de crédito
[encabezado 3.1] 3.1. Normas de procedimiento."
A12,Operacion_operaciones_dvp_entrega_contra_pago_f8b4af,Operacion,ric,3.1.5,ric::3.1.5,Operaciones con entrega contra pago que no se realicen dentro de los cinco días hábiles desde la fecha de liquidación,,cap::4.1.1,,cap::4.1.1,cap::4.1.1,"3.1.5. Operaciones DvP fallidas.
Las operaciones con entrega contra pago tendrán un cargo directo de capital
cuando los pagos no se realicen dentro de los cinco días hábiles desde la fe-
cha de liquidación, según lo establecido en el punto 4.1.1. de las normas so-
bre “Capitales mínimos de las entidades financieras”. Para determinar dicho
cargo se aplicará la siguiente tabla:
Código Días hábiles posteriores a la Cargo de capital
fecha de liquidación acordada -en %-
1310000 Entre 5 y 15 8
01320000 Entre 16 y 30 50
01330000 Entre 31 y 45 75
01340000 46 o más 100
0
Se informarán por el importe correspondiente al cargo de capital.","[encabezado S3] Sección 3. Exigencia por riesgo de crédito
[encabezado 3.1] 3.1. Normas de procedimiento."
A13,Obligacion_para_financiaciones_otorgadas_a_partir_del_13_12_23_la_entidad_debera_contar_con_faa58b,Obligacion,ext,13.6,ext::13.6,"Para financiaciones otorgadas a partir del 13/12/23, la entidad deberá contar con la documentación que demuestre que la operación financiada correspondía a una importación de servicios prestada o devengada a partir del 13/12/23",,ext::10.10.2.1 ext::13.1.2 ext::3.15.1,,ext::10.10.2.1 ext::13.1.2 ext::3.15.1,ext::3.15.1,"13.6. Líneas de crédito de entidades financieras aplicadas a la financiación de importaciones de
servicios.
La entidad financiera tendrá acceso al mercado de cambios, en las condiciones previstas en
el punto 3.15.1., para la cancelación de líneas de crédito del exterior aplicadas a la
financiación de importaciones argentinas de servicios en la medida que la misma califique
como deuda comercial según lo dispuesto en el segundo párrafo del punto 13.1.2. y la
entidad cuente la documentación que demuestre que, al momento del otorgamiento de la
financiación al importador, se cumplían las condiciones que resultaban aplicables en ese
momento al tipo de operación financiada por la entidad.
En el caso de las financiaciones otorgadas a partir del 13/12/23, la entidad deberá contar con
la documentación que demuestre que:
i) la operación financiada correspondía a una importación de servicios prestada o
devengada a partir del 13/12/23.
ii) la fecha de vencimiento de la financiación otorgada era compatible con los plazos
previstos en el punto 13.2.:
a) si el otorgamiento de la financiación es anterior de la fecha de prestación o
devengamiento del servicio, los plazos previstos en el punto 13.2. se computarán a
partir de la fecha estimada de prestación o devengamiento del servicio más 15
(quince) días corridos.
En caso de tratarse una operación del concepto “S30. Servicios de fletes por
operaciones de importaciones de bienes” que encuadra en lo previsto en el punto
10.10.2.1., deberá financiarse hasta la fecha estimada de embarque de los bienes
en origen más un plazo adicional de 15 (quince) días corridos.
b) si el otorgamiento de la financiación es posterior a la fecha de prestación o
devengamiento del servicio, los plazos previstos en el punto 13.2. se computarán
desde la última fecha mencionada.
Los casos que no cumplan las condiciones requeridas quedarán sujetos a la conformidad
previa del BCRA.",[encabezado S13] Sección 13. Pagos de servicios prestados por no residentes.
A14,Excepcion_salvo_que_por_aplicacion_de_otras_pautas_corresponda_categorizarlo_en_el_nivel_i_66a0e4,Excepcion,cla,6.5.2.2,cla::6.5.2.2,Salvo que por aplicación de otras pautas corresponda categorizarlo en el nivel inferior,,cla::6.5.2.1,,cla::6.5.2.1,,"6.5.2.2. En negociación o con acuerdos de refinanciación.
Incluye aquellos clientes que ante la imposibilidad de hacer frente al pago de sus
obligaciones en las condiciones pactadas, manifiesten fehacientemente antes de
los 60 días contados desde la fecha en que se verificó la mora en el pago de las
obligaciones, la intención de refinanciar sus deudas, observando los demás indi-
cadores pertinentes del punto 6.5.2.1.
No podrán incluirse deudores cuyas obligaciones hayan sido refinanciadas por la
entidad, bajo esta modalidad, en los últimos 24 meses.
El acuerdo con la entidad financiera deberá concertarse dentro de los 90 o 180
días contados desde la fecha en que se verificó la mora en el pago de las obliga-
ciones, según sea necesario llegar a acuerdos con hasta dos entidades o con
más de dos, respectivamente.
De no haberse alcanzado el acuerdo dentro del plazo establecido, deberá reclasi-
ficarse al deudor en la categoría inferior que corresponda, de acuerdo con los in-
dicadores establecidos para cada nivel.
Los deudores que hayan cancelado la totalidad de los intereses devengados, po-
drán ser clasificados en “situación normal” si además observan las otras condi-
ciones previstas para esa categoría.
Los deudores que no hubieran cancelado por lo menos los intereses devengados
dentro de los 180 días de concertada la refinanciación, deberán ser reclasificados
en la categoría “con alto riesgo de insolvencia”.
A los efectos previstos en los dos últimos párrafos anteriores y aun cuando se
hayan cancelado los mencionados porcentajes de deuda, los deudores que
hayan recibido crédito adicional en los términos a que se refiere el punto 2.2.5. de
las normas sobre “Previsiones mínimas por riesgo de incobrabilidad”, y en la me-
dida en que dicha financiación adicional no hubiese sido cancelada, deberán
permanecer en esta categoría por lo menos 180 días, contados desde la fecha en
que se otorgó crédito adicional o desde que se celebró el acuerdo de refinancia-
ción, la circunstancia más reciente. Ello, salvo que por aplicación de otras pautas
corresponda categorizarlo en el nivel inferior.
Los deudores que incurran en atrasos de más de 31 días respecto de las condi-
ciones pactadas en las obligaciones refinanciadas, deberán ser recategorizados
en el nivel inmediato inferior “con problemas”.","[encabezado S6] Sección 6. Clasificación de los deudores de la cartera comercial.
[encabezado 6.5] 6.5. Niveles de clasificación.
[intro 6.5] Cada cliente, y la totalidad de sus financiaciones comprendidas, se incluirá en una de las si-
guientes cinco categorías, las que se definen teniendo en cuenta las condiciones que se deta-
llan en cada caso.
Los clientes que no registren asistencia crediticia de la entidad y que posteriormente reciban fi-
nanciaciones de ésta que no superen el importe resultante de aplicar sobre el saldo de deuda
registrado en el sistema financiero, según la última información disponible en la “Central de
deudores” a la fecha de su otorgamiento, el porcentaje establecido en el punto 2.2.5. de las
normas sobre “Previsiones mínimas por riesgo de incobrabilidad” correspondiente a la peor cla-
sificación asignada, podrán ser clasificados por la entidad teniendo en cuenta únicamente el
análisis del flujo de fondos proyectado. Las asistencias así otorgadas no serán consideradas a
los fines a que se refiere el punto 6.6.
A fin de verificar el cumplimiento de las obligaciones sin recurrir a nueva financiación directa o
indirecta o a refinanciaciones, no se considerarán refinanciaciones las facilidades adicionales
que se otorguen respecto de los márgenes vigentes acordados, siempre que el nuevo apoyo
crediticio implique nuevos desembolsos de fondos y no supere el 10 % del cupo asignado en
oportunidad de la última evaluación crediticia del cliente, en la medida en que éstas sean con-
sistentes con el curso normal de los negocios y exista capacidad para atender el resto de las
obligaciones financieras, ni las nuevas financiaciones y las refinanciaciones asociadas a una
mayor inversión derivada de la expansión de las actividades, y siempre que pueda demostrarse
que el flujo de fondos proyectado permitirá afrontar la totalidad de sus obligaciones.
Tampoco se considerarán dentro de ese concepto las refinanciaciones otorgadas a los produc-
tores agropecuarios cuando ello resulte de la aplicación de disposiciones vinculadas a la Ley de
Emergencia Agropecuaria, sin perjuicio de lo cual, a los fines de la clasificación, deberá tenerse
en cuenta el flujo de fondos proyectado para el momento en que concluya la vigencia de la
emergencia declarada. El tratamiento que se dispense en ese marco no podrá implicar mejora-
miento de la clasificación asignada al cliente en función de su situación individual, preexistente
a la emergencia, ni su aplicación extenderse más allá de la vigencia fijada para ella.
[encabezado 6.5.2] 6.5.2. Con seguimiento especial."
A15,Excepcion_este_requisito_no_sera_de_aplicacion_para_el_sector_publico__ext_10_4_2_6_bea64a,Excepcion,ext,10.4.2.6,ext::10.4.2.6,Este requisito no será de aplicación para el sector público,,ext::10.4.1.2 ext::10.4.1.3 ext::10.4.1.4 ext::10.5,,ext::10.4.1.2 ext::10.4.1.3 ext::10.4.1.4 ext::10.5,,"10.4.2.6. El cliente no registra situaciones de demora en la regularización de pagos
con registro de ingreso aduanero pendiente realizados a partir del 02/09/19.
Los pagos de importaciones de bienes con registro de ingreso aduanero
pendiente concretados entre el 02/09/19 y el 31/10/19, por operaciones
comprendidas en los puntos 10.4.1.2. a 10.4.1.4., que no se encuentren
regularizados según lo previsto en el punto 10.5. son considerados en
situación de demora a partir del 02/11/20.
Las entidades deberán consultar en el apartado “Régimen Informativo
SEPAIMPO” del sitio www3.bcra.gob.ar, si el cliente registra en el sistema
demoras en el conjunto de las entidades.
Este requisito no será de aplicación para:
i) el sector público;
ii) todas las organizaciones empresariales, cualquiera sea su forma
societaria, en donde el Estado Nacional tenga participación mayoritaria
en el capital o en la formación de las decisiones societarias;
iii)los fideicomisos constituidos con aportes del sector público nacional; y
iv)las personas jurídicas que tengan a su cargo la provisión de
medicamentos críticos a pacientes cuando realicen pagos anticipados
por ese tipo de bienes a ingresar por Solicitud Particular por el
beneficiario de dicha cobertura médica.","[encabezado S10] Sección 10. Pagos de importaciones y otras compras de bienes en el exterior.
[encabezado 10.4] 10.4. Pagos de importaciones de bienes con registro de ingreso aduanero pendiente.
[encabezado 10.4.2] 10.4.2. Requisitos de acceso para el pago anticipado de importaciones.
[intro 10.4.2] La entidad podrá dar acceso al mercado de cambios para el pago al exterior en la
medida que verifique previamente que se cumplen la totalidad de los siguientes
requisitos:"
A16,Restriccion_la_sola_existencia_de_5_000_operaciones_o_mas_en_un_conjunto_de_neteo_no_determi_c3dbba,Restriccion,cap,4.3.3.2,cap::4.3.3.2,"La sola existencia de 5.000 operaciones o más en un conjunto de neteo no determinará, por sí misma, la extensión del período de mantenimiento mínimo.",,cap::4.2,,cap::4.2,cap::4.2,"4.3.3.2. Exposiciones a fondos de garantía constituidos para hacer frente a
incumplimientos.
Si un fondo de garantía constituido para hacer frente a incumplimientos
respalda a productos sujetos a riesgo de liquidación –tales como bonos y
acciones– y a productos expuestos a riesgo de crédito de contraparte
–tales como derivados OTC, derivados negociados en mercados de valo-
res, SFTs u operaciones de liquidación diferida–, todos los aportes a ese
fondo recibirán el ponderador de riesgo determinado según lo previsto en
este punto, no admitiendo el prorrateo entre las clases o tipo de negocios
y productos.
Si los aportes de los miembros compensadores a un fondo de garantía se
segregan por tipo de producto y sólo se pueden utilizar para tipos de pro-
ductos específicos, la exigencia de capital para esa exposición al fondo
de garantía para incumplimientos se determinará de acuerdo con las fór-
mulas y metodología indicada en este punto pero aplicada por separado
para cada producto sujeto a riesgo de crédito de contraparte.
Al efecto de computar la exigencia de capital por los aportes a fondos de
garantía para incumplimientos de una QCCP, las entidades financieras
que sean miembros compensadores aplicarán un ponderador de riesgo
que se determinará considerando i. la cantidad y calidad de los recursos
de la QCCP; ii. la exposición de dicha CCP al riesgo de crédito de contra-
parte y iii. el orden en que se aplican los recursos de la CCP –prioridad
en la asunción de pérdidas– en el caso de incumplir uno o varios miem-
bros compensadores, conforme a la secuencia de cálculo que se indica a
continuación:
i) Calcular el requerimiento de capital hipotético para la CCP por su ex-
posición al riesgo de crédito de contraparte (K ) frente a todos los
CCP
miembros compensadores y sus clientes mediante la siguiente fórmu-
la:
donde:
20 %: ponderador de riesgo.
EAD: es el valor de la exposición de la CCP con el miembro com-
i
pensador “i”, incluyendo tanto las operaciones propias del
miembro compensador como las de sus clientes garantizadas
por él, y todos los activos en garantía en poder de la CCP co-
mo consecuencia de esas operaciones –incluyendo los aportes
al fondo de garantía para incumplimientos–, todo a valores de
cierre del día de cálculo, antes de transferirse el margen reque-
rido en el último pedido de reposición de márgenes de ese día.
La suma comprende las cuentas de todos los miembros compensado-
res.
Cuando los miembros compensadores brinden servicios de compen-
sación a sus clientes y las operaciones y activos en garantía de los
clientes se mantengan en subcuentas –individuales o colectivas– se-
paradas de la operatoria propia del miembro compensador, cada sub-
cuenta correspondiente a los clientes también deberá sumarse; esto
es, la EAD calculada para el miembro compensador con la fórmula
anterior será la suma de las EAD de las subcuentas correspondientes
a sus clientes y de las correspondientes al propio miembro compen-
sador. Si alguna de las subcuentas contiene tanto derivados como
SFT, la EAD de esa subcuenta será la suma de las EAD correspon-
dientes a los derivados y a las SFT.
En el caso en que los activos se constituyan en garantía de una cuenta
que contenga operaciones SFT y derivados, el margen inicial integrado
por el miembro o cliente deberá ser asignado a las exposiciones SFT y
a las exposiciones a los derivados en la proporción de las EAD especí-
ficas de esos productos, calculadas de acuerdo con el punto 5.3. para
SFT y el enfoque SA-CCR –sin incluir los efectos de la garantía– esta-
blecido en el punto 4.2. para los derivados.
Si los aportes al fondo de garantía para incumplimientos de un miem-
bro (DF) no están separados en función de las subcuentas correspon-
i
dientes a los clientes y al miembro compensador, deberán ser asigna-
dos por subcuenta de acuerdo con la respectiva porción del margen
inicial que cada subcuenta tenga en relación con el total del margen
inicial depositado en la cuenta del miembro compensador.
De tratarse de derivados, la EAD se calculará –aplicando el enfoque
i
SA-CCR– como si se tratara de una exposición por operaciones bilate-
rales entre la CCP y el miembro compensador. A ese efecto, para cal-
cular la exposición potencial futura de la CCP se empleará un MPOR
de 10 días. Todo activo en garantía al que la CCP pueda recurrir en
caso de incumplimiento del miembro compensador o del cliente, inclu-
yendo los aportes al fondo de garantía constituido para hacer frente a
incumplimientos de ese miembro (DF), reducirá la exposición de la
i
CCP con ese miembro o cliente a través del multiplicador de la EPF
establecido en el punto 4.2.
Para las SFT, la EAD será:
máx. (EBRM – IM – DF; 0)
i i i
donde:
EBRM: denota el valor de la exposición con el miembro compensa-
i
dor “i” antes de mitigar el riesgo según el punto 5.3.; a los
efectos de este cálculo, el margen de variación que se haya
transferido –antes del último pedido de reposición de márge-
nes de ese día– se incorporará al valor de mercado de las
operaciones.
IM: es el margen inicial aportado por el miembro compensador a
i
la CCP.
DF: es el aporte al fondo de garantía para incumplimientos efecti-
i
vizado por el miembro compensador que se aplicará en caso
de incumplimiento de dicho miembro, al mismo tiempo o in-
mediatamente después que el margen inicial, para reducir la
pérdida de la CCP.
Los aforos a ser aplicados a las SFT serán los indicados en el punto
5.3.2.3.
Al efecto de estos cálculos se observará lo siguiente:
a) Se aplicarán los períodos de mantenimiento mínimo del punto
5.3.2.3. para las SFT y de 10 días hábiles para las operaciones con
derivados sujetas a reposición diaria de márgenes y a valuación
diaria a precios de mercado. En el caso de los derivados, se utiliza-
rá un período más prolongado en los siguientes casos:
− Para los conjuntos de neteo que contengan una o más opera-
ciones con activos en garantía ilíquidos, o derivados OTC que
no puedan sustituirse fácilmente, el período mínimo será de 20
días hábiles. A estos efectos, la determinación de que las ga-
rantías son ilíquidas o de que los derivados OTC no se pueden
sustituir fácilmente se hará en el contexto de condiciones de es-
trés del mercado, caracterizadas por la ausencia de mercados
que operen continuamente y en los que se podría obtener, en
un plazo de 2 días o menos, múltiples cotizaciones de precios
que no influirían en el mercado ni impliquen descuentos en el
precio o una prima en el caso de los derivados OTC –tales co-
mo operaciones que no se valúan a mercado en forma diaria o
que tienen por subyacentes instrumentos cuyo valor se determi-
na a partir de modelos que emplean información no observable–
.
− El período mínimo se extenderá, además, si las operaciones o
los activos recibidos en garantía se concentran en una contra-
parte determinada, particularmente si no pudieran ser reempla-
zados si dicha contraparte saliese de forma precipitada del mer-
cado.
− La sola existencia de 5.000 operaciones o más en un conjunto
de neteo no determinará, por sí misma, la extensión del período
de mantenimiento mínimo.
b) Los conjuntos de neteo aplicables a las entidades financieras que
actúen como miembros compensadores serán los referidos en el
inciso c) del acápite i) del punto 4.3.3.1. Los demás miembros com-
pensadores deberán observar las normas de neteo establecidas por
la CCP y que les hayan sido notificadas, salvo que la Comisión Na-
cional de Valores (CNV) exija conjuntos de neteo más atomizados.
ii) Calcular el requisito de capital para cada miembro compensador:
donde:
K : requerimiento de capital del miembro “i” por su aporte al
CMi
fondo de garantía constituido para hacer frente a incumpli-
mientos.
DF pref: total de aportes al fondo de garantía para incumplimientos
CM
efectivizados por los miembros compensadores.
DF : recursos integrados de la CCP –tales como capital integra-
CCP
do y resultados acumulados– que se aplicarán a absorber
sus pérdidas antes –junior– o con igual prelación –pari
passu– que los aportes DFpref efectivizados por los miem-
i
bros.
DFpref: aporte al fondo de garantía para incumplimientos efectivi-
i
zado por el miembro “i”.
2 %: ponderador de riesgo de la exposición al fondo de garantía
para incumplimientos.
El cómputo de este requerimiento de capital –impuesto a la entidad
financiera que sea miembro compensador, por su aporte al fondo de
garantía (K )– podrá realizarlo la CCP, la entidad financiera o cual-
CMi
quier otro organismo con acceso a los datos requeridos.
En particular, la CCP, la entidad financiera, la autoridad de control de
la CCP u otro organismo con acceso a los datos requeridos deberá:
− calcular K , DF pref y DF de forma tal que la autoridad de
CCP CM CCP
control de la CCP pueda comprobarlos;
− proveer información que permita al miembro compensador calcu-
lar la exigencia de capital por su aporte al fondo de garantía cons-
tituido para hacer frente a incumplimientos y a la SEFyC revisar
esos cálculos.
El cálculo de K deberá hacerse como mínimo con periodicidad
CCP
trimestral.
Las entidades financieras deberán asegurarse de que la composición
de las exposiciones de las CCP frente a los miembros compensado-
res y toda otra información que hubieran proporcionado a un miem-
bro compensador sujeto a la Ley de Entidades Financieras para el
cálculo del K , DF pref y DF esté a disposición de la SEFyC.
CCP CM CCP
Dicha información se deberá facilitar en forma trimestral.
iii) Límite al requisito de capital respecto de las QCCP: cuando la suma
de los requisitos de capital de una entidad financiera por las exposicio-
nes con una QCCP originadas en las operaciones y aportes realizados
al fondo de garantía sea mayor que la exigencia que resultaría de la
aplicación del punto 4.3.4., se tomará este último importe como requi-
sito de capital.","[encabezado S4] Sección 4. Capital mínimo por riesgo de crédito de contraparte.
[encabezado 4.3] 4.3. Exigencia de capital por riesgo de crédito de contraparte en operaciones con entidades de
[intro 4.3] contraparte central.
Comprende a aquellas exposiciones de las entidades financieras con entidades de contrapar-
te central (CCP) que se originen en derivados OTC o negociados en mercados de valores y
en operaciones de financiación con títulos valores (“Securities Financing Transactions”, SFT)
y operaciones de liquidación diferida –definidas en el punto 4.2.–.
No están comprendidas las exposiciones originadas en operaciones al contado y que involu-
cren títulos valores, oro o moneda extranjera, cuya exigencia de capital se calculará conforme
a lo previsto en el punto 4.1.
[encabezado 4.3.3] 4.3.3. Exposiciones a entidades de contraparte central calificadas."
A17,Operacion_exhibicion_dni_m_o_dni_d_post_rectificacion_0444ac,Operacion,docvig,3.3.2,docvig::3.3.2,Exhibición del DNI-m o DNI-d expedido con posterioridad a la rectificación,,docvig::3.1.2 docvig::3.1.3 docvig::3.1.4,,docvig::3.1.2 docvig::3.1.3 docvig::3.1.4,,"3.3.2. En los supuestos contemplados en los puntos 3.1.2., 3.1.3. y 3.1.4. se requerirá la exhibi-
ción del DNI-m o DNI-d expedido con posterioridad a la rectificación y la entrega, para el
legajo del cliente, de una copia junto con –en su caso– una constancia que avale la modi-
ficación. Dicha constancia podrá consistir en:
i. Copia autenticada del acto administrativo o de la sentencia.
ii. Testimonio de la sentencia.
iii. Notificación de la sentencia.
iv. Auto de identidad dictado en sede judicial.","[encabezado S3] Sección 3. Rectificación de documentos de identidad.
[encabezado 3.3] 3.3. Acreditación de los cambios.
[intro 3.3] Los clientes deberán presentar la siguiente documentación respaldatoria:
[cierre 3.3] No será obligatoria para el cliente la entrega de las constancias del CUIT/CUIL a raíz de la recti-
ficación en el nombre y/o apellido y/o en otros datos de identificación, excepto cuando se trate
de modificaciones en el número de documento de identidad de acuerdo con lo previsto en el
punto 3.1.4."
A18,Operacion_adhesion_selectiva_a_productos_en_contrato_multiproducto_5e58d8,Operacion,pro,2.3.1.2,pro::2.3.1.2,Cada usuario puede adherir solamente a el/los producto/s que efectivamente le interese/n,,pro::2.4,,pro::2.4,pro::2.4,"2.3.1.2. Contratos multiproducto.
En materia de libertad de elección de productos o servicios financieros brinda-
dos por los sujetos obligados, se admitirán contratos multiproducto en la medi-
da en que las secciones correspondientes a cada producto puedan escindirse
en contratos individuales autónomos, de manera tal que cada usuario pueda
adherir solamente a el/los producto/s que efectivamente le interese/n.
La revocación o rescisión de un producto o servicio integrante de un contrato
multiproducto podrá implicar, cuando el sujeto obligado así lo disponga, la pér-
dida de beneficios y/o la baja de los restantes productos o servicios asociados,
excepto cajas de ahorros en pesos –cuando se encuentren abiertas– dado que
éstas no integran los paquetes multiproducto (punto 1.4. del TO sobre Depósi-
tos de Ahorro, Cuenta Sueldo y Especiales).
En esos casos, cuando se genere un incremento en el costo total de los restan-
tes productos o servicios, dicha circunstancia deberá ser informada previamen-
te al usuario de servicios financieros indicando los medios disponibles para
efectuar la consulta de los nuevos valores –según lo previsto en materia de
publicidad en el punto 2.4.–.","[encabezado S2] Sección 2. Derechos básicos de los usuarios de servicios financieros.
[encabezado 2.3] 2.3. Recaudos mínimos de la relación de consumo.
[encabezado 2.3.1] 2.3.1. Al momento de la contratación del producto o servicio.
[intro 2.3.1] Las entidades financieras, ante requerimientos de apertura de cuentas a la vista por
parte de los usuarios de servicios financieros, deberán ofrecer la “Caja de ahorros” en
pesos con las prestaciones previstas en el punto 1.8. de las normas sobre “Depósitos
de ahorro, cuenta sueldo y especiales” y conservar constancia del ofrecimiento expreso."
A19,Obligacion_el_seguimiento_quedara_a_cargo_de_la_entidad_nominada_en_cumplimiento_a_lo_estab_f2be11,Obligacion,ext,9.2,ext::9.2,el seguimiento quedará a cargo de la entidad nominada en cumplimiento a lo establecido en los puntos 7.9. o 7.10.,ext::7.10,ext::7.10 ext::9.1.6 ext::9.1.7 ext::9.1.8,,ext::9.1.6 ext::9.1.7 ext::9.1.8,ext::7.10,"9.2. Entidad nominada por el exportador.
Por cada operación comprendida el exportador deberá seleccionar una entidad como
responsable de su seguimiento.
Esta entidad será la única responsable de emitir los certificados de aplicación que habilitan
que los cobros de exportaciones puedan ser imputados a los permisos correspondientes.
En el caso de financiaciones otorgadas por entidades financieras locales, el seguimiento
estará a cargo de la entidad que otorgó la financiación hasta su cancelación total.
Para las operaciones comprendidas en los puntos 9.1.6. y 9.1.7. el seguimiento quedará a
cargo de la entidad nominada en cumplimiento a lo establecido en los puntos 7.9. o 7.10.
En el caso de las operaciones comprendidas en el punto 9.1.8. el seguimiento quedará a
cargo de la entidad que, a pedido del exportador y luego de verificar el cumplimiento de los
requisitos previstos en el punto 7.11., realizó el registro de la operación ante el BCRA.
En los restantes casos, el seguimiento quedará inicialmente a cargo de la entidad que dé
curso a la liquidación por el mercado de cambios, pudiendo el exportador modificarla
posteriormente en la medida que no se hayan registrado aplicaciones de divisas a la
cancelación de ésta.
En caso de que el exportador solicite el cambio, la entidad a cargo del seguimiento deberá
notificarle la voluntad del exportador a la nueva entidad. La constancia de aceptación por
parte de esta última liberará a la entidad previa de sus obligaciones hacia adelante.",[encabezado S9] Sección 9. Seguimiento de anticipos y otras financiaciones de exportación de bienes.
A20,Restriccion_el_monto_anual_aplicado_no_supere_el_equivalente_al_60_sesenta_por_ciento_del_mo_3abf98,Restriccion,ext,7.10.5,ext::7.10.5,El monto anual aplicado no supere el equivalente al 60% (sesenta por ciento) del monto bruto de las divisas ingresadas para financiar el desarrollo del proyecto que genera las exportaciones aplicadas.,,ext::7.10.3,,ext::7.10.3,ext::7.10.3,"7.10.5. Los casos previstos en el punto 2) del artículo 8° bis incorporado por el Decreto
836/21 al Decreto 234/21, podrán aplicar durante 2 (dos) años calendario
consecutivos por cada año calendario en que no se hiciera uso del beneficio, hasta el
60% (sesenta por ciento) del valor de los permisos embarcados durante los años en
que se haga uso del beneficio ampliado, en la medida que el monto anual aplicado no
supere el equivalente al 60% (sesenta por ciento) del monto bruto de las divisas
ingresadas para financiar el desarrollo del proyecto que genera las exportaciones
aplicadas.
Se podrá acceder a la opción indicada en el párrafo precedente una vez transcurrido
el segundo año calendario desde el primer ingreso de divisas que dan inicio al
proyecto. Dicho plazo podrá computarse como parte del período de no utilización que
da lugar al uso del beneficio ampliado.
Adicionalmente a lo previsto en el primer párrafo del punto 7.10.3. los fondos también
podrán permanecer en cuentas bancarias de entidades financieras del exterior que
no estén constituidas en países o territorios donde no se aplican o no se aplican
suficientemente las recomendaciones del Grupo de Acción de Financiera
Internacional.","[encabezado S7] Sección 7. Cobros de exportaciones de bienes.
[encabezado 7.10] 7.10. Operaciones habilitadas para la aplicación de cobros de exportaciones de bienes en el marco
[intro 7.10] del régimen de fomento de inversión para las exportaciones (Decreto 234/21)."
A21,Obligacion_en_base_a_la_informacion_provista_el_inversor_debera_realizar_sus_propias_evalua_d22b39,Obligacion,cap,3.1.14,cap::3.1.14::intro,"En base a la información provista, el inversor deberá realizar sus propias evaluaciones respecto del cumplimiento de los criterios STC previo a la aplicación del enfoque estandarizado.",,cap::3.1.11 cap::3.1.14.1 cap::3.1.14.4,,cap::3.1.11 cap::3.1.14.1 cap::3.1.14.4,cap::3.1.11,"A los fines de establecer el ponderador de riesgo a aplicar de acuerdo con el enfoque
estandarizado –punto 3.1.11.–, una titulización se considerará simple, transparente y
comparable (STC) si:
-se trata de una titulización tradicional que no constituye un programa ABCP;
- involucra una transferencia real de activos –en los términos del acápite v) del punto
3.1.14.1.–; y
- cumple con la totalidad de los criterios previstos en el presente punto (en adelante,
“criterios STC”).
El originante/fiduciario deberá divulgar toda la información necesaria respecto de la
transacción que permita a los inversores determinar si la titulización cumple con los cri-
terios STC. En base a la información provista, el inversor deberá realizar sus propias
evaluaciones respecto del cumplimiento de estos criterios previo a la aplicación del en-
foque estandarizado.
Para las posiciones retenidas en las que el originante haya transferido el riesgo de
acuerdo con lo establecido en los puntos 3.1.2.2. y 3.1.8.2. la determinación respecto
del cumplimiento de los criterios será efectuada únicamente por la entidad originante.
Los criterios STC deberán cumplirse en todo momento. Algunos de los criterios se de-
berán verificar sólo al momento de la originación o cuando se genere la posición –si és-
ta es posterior–, tal como en el caso de las garantías y las facilidades de liquidez. No
obstante, los inversores y tenedores de las posiciones de titulización deberán tener en
cuenta las modificaciones que puedan invalidar las evaluaciones de cumplimiento pre-
vias, tales como las deficiencias en la frecuencia y en el contenido de los informes a los
inversores o los cambios en la documentación contrarios a los criterios STC.
En los casos en que los criterios hagan referencia a activos subyacentes –incluidos los
criterios previstos en el punto 3.1.14.4.– y el conjunto de subyacentes admita la incorpo-
ración de nuevos activos, el cumplimiento estará sujeto a que se realicen verificaciones
cada vez que se incorporen esos nuevos activos.
Cuando la SEFyC detecte que una titulización no cumple con alguno de los criterios,
podrá exigir la implementación de acciones correctivas y/o determinar que se suspenda
el tratamiento STC para una o más posiciones de titulización.","[encabezado S3] Sección 3. Capital mínimo por riesgo de crédito. Titulizaciones e inversiones en fon- dos.
[encabezado 3.1] 3.1. Tratamiento de las titulizaciones.
[encabezado 3.1.14] 3.1.14. Criterios para la determinación de titulizaciones simples, transparentes y comparables."
A22,Restriccion_cargo_directo_de_capital_del_75_cuando_los_pagos_no_se_realicen_dentro_de_entre__124605,Restriccion,ric,3.1.5,ric::3.1.5,Cargo directo de capital del 75% cuando los pagos no se realicen dentro de entre 31 y 45 días hábiles desde la fecha de liquidación,,cap::4.1.1,,cap::4.1.1,cap::4.1.1,"3.1.5. Operaciones DvP fallidas.
Las operaciones con entrega contra pago tendrán un cargo directo de capital
cuando los pagos no se realicen dentro de los cinco días hábiles desde la fe-
cha de liquidación, según lo establecido en el punto 4.1.1. de las normas so-
bre “Capitales mínimos de las entidades financieras”. Para determinar dicho
cargo se aplicará la siguiente tabla:
Código Días hábiles posteriores a la Cargo de capital
fecha de liquidación acordada -en %-
1310000 Entre 5 y 15 8
01320000 Entre 16 y 30 50
01330000 Entre 31 y 45 75
01340000 46 o más 100
0
Se informarán por el importe correspondiente al cargo de capital.","[encabezado S3] Sección 3. Exigencia por riesgo de crédito
[encabezado 3.1] 3.1. Normas de procedimiento."
A23,Operacion_obtencion_de_proteccion_crediticia_tramos_subordinados_c420ac,Operacion,cap,5.4.3,cap::5.4.3,"La entidad financiera obtiene protección crediticia para los tramos subordinados, tales como las posiciones a primera pérdida.",,cap::3.1,,cap::3.1,cap::3.1,"5.4.3. Cobertura por tramos.
Si la entidad financiera transfiere parte del riesgo de una exposición en uno o más tra-
mos a un proveedor/es de protección y retiene cierto grado del riesgo de la exposición, y
los riesgos transferidos y retenidos tienen distintos grados de prelación, esa entidad po-
drá obtener protección crediticia ya sea para los tramos de máxima prelación al cobro
–tales como las posiciones de máxima preferencia– o para los tramos subordinados
–tales como las posiciones a primera pérdida–. En tal caso, será de aplicación lo previs-
to en el punto 3.1.","[encabezado S5] Sección 5. Cobertura del riesgo de crédito.
[chapeau_seccion S5] A los efectos del cómputo de la exigencia de capital por riesgo de crédito, se reconocerá –total o
parcialmente– la cobertura del riesgo de crédito (CRC) de las operaciones registradas en la cartera
de inversión –tales como préstamos y responsabilidades eventuales– mediante la utilización de las
técnicas previstas en el punto 5.1.
La presente sección contempla, además, el cálculo de la exposición a las operaciones de financia-
ción con títulos valores (securities financing transactions, SFT) –conforme a lo previsto en la Sec-
ción 4.–, registradas tanto en la cartera de inversión como en la cartera de negociación.
[encabezado 5.4] 5.4. Operaciones cubiertas con garantías (y contragarantías) personales y derivados de crédito.
[intro 5.4] Se aplicará el método de sustitución de ponderadores. Con este método, el ponderador de
riesgo de la contraparte se sustituye por el ponderador de riesgo del garante –o contragarante–
o proveedor de protección crediticia –conforme a la tabla de ponderadores prevista en la Sec-
ción 2.–.
Se reconocerán sólo las garantías emitidas –o protección provista, en el caso de derivados de
crédito– por entidades listadas en el punto 5.4.1.
La parte de la exposición sin cobertura mantendrá el ponderador de riesgo de la contraparte
original, mientras que a la parte cubierta se le asignará el ponderador de riesgo del garante o
proveedor de protección crediticia, teniendo en consideración lo siguiente:"
A24,Excepcion_tambien_se_podra_computar_el_valor_de_los_fletes_que_conste_en_la_documentacion__41ac37,Excepcion,ext,3.5.1.10,ext::3.5.1.10,"También se podrá computar el valor de los fletes que conste en la documentación de transporte asociada al registro de ingreso aduanero de los bienes, en la medida que los fondos de las operaciones contempladas en los puntos 7.11.1.3. y 7.11.1.5. hayan sido destinados al pago en forma directa al proveedor de servicios de fletes de importaciones no incluidos en su condición de compra pactada",ext::7.11.1.3 ext::7.11.1.5,ext::3.5 ext::7.11.1.3 ext::7.11.1.5,,ext::3.5,ext::7.11.1.3 ext::7.11.1.5,"3.5.1.10. los endeudamientos financieros comprendidos en este punto 3.5. que
encuadren en los puntos 7.11.1.3. y 7.11.1.5. en la medida que se
demuestre el registro de ingreso aduanero de bienes por un valor
equivalente a la financiación recibida.
También se podrá computar el valor de los fletes que conste en la
documentación de transporte asociada al registro de ingreso aduanero de
los bienes, en la medida que los fondos de las operaciones contempladas en
los puntos 7.11.1.3. y 7.11.1.5. hayan sido destinados al pago en forma
directa al proveedor de servicios de fletes de importaciones no incluidos en
su condición de compra pactada.","[encabezado S3] Sección 3. Disposiciones específicas para los egresos por el mercado de cambios
[chapeau_seccion S3] Las entidades previamente a dar acceso al mercado de cambio por las operaciones comprendidas
en los puntos 3.1. a 3.15. –incluyendo aquellas que se concreten a través de canjes o arbitrajes–,
adicionalmente a los requisitos y condiciones específicas detalladas en cada punto, deberán
cumplimentar los requisitos complementarios que constan en el punto 3.16. que resulten aplicables.
[encabezado 3.5] 3.5. Pagos de títulos de deuda suscriptos en el exterior y endeudamientos financieros con el
[intro 3.5] exterior.
Las entidades podrán dar acceso al mercado de cambios para realizar pagos de capital o
intereses de títulos de deuda con registro público en el exterior, otros endeudamientos
financieros con el exterior y títulos de deuda con registro público en el país denominados en
moneda extranjera íntegramente suscriptos en el exterior, en la medida que se verifiquen las
siguientes condiciones:
[encabezado 3.5.1] 3.5.1. El deudor demuestre el ingreso y liquidación de divisas en el mercado de cambios por
[intro 3.5.1] un monto equivalente al valor nominal del endeudamiento financiero.
Este requisito se considerará cumplimentado en los siguientes casos:"
A25,Restriccion_las_participaciones_en_entidades_financieras_del_exterior_son_deducibles__cap_8__25d0d7,Restriccion,cap,8.4.1.19,cap::8.4.1.19,Las participaciones en entidades financieras del exterior son deducibles,,cap::8.2.1.6,,cap::8.2.1.6,,"8.4.1.19. Inversiones en el capital de entidades financieras sujetas a supervisión con-
solidada.
i) Participaciones en entidades financieras, excepto cuando rijan franquicias
para no deducirlas.
ii) Participaciones en entidades financieras del exterior.
En dichos casos, serán netas de las previsiones por riesgo de desvalorización y,
cuando se trate de entidades financieras controladas y corresponda aplicar lo
previsto en el punto 8.2.1.6. –acápite iii)–, del 50 % de las ganancias de éstas
en la proporción de la respectiva participación.","[encabezado S8] Sección 8. Responsabilidad patrimonial computable.
[encabezado 8.4] 8.4. Conceptos deducibles.
[encabezado 8.4.1] 8.4.1. Conceptos deducibles del capital ordinario de nivel uno (CD ).
[intro 8.4.1] COn1"
A26,Obligacion_la_exigencia_final_rcd_surgira_de_la_sumatoria_de_las_exposiciones_al_riesgo_de__86036b,Obligacion,ric,3.1.6,ric::3.1.6,La exigencia final (RCD) surgirá de la sumatoria de las exposiciones al riesgo de crédito de contraparte determinadas para cada conjunto de neteo y se informará en el código 14000000.,,cap::4.2.1.1 cap::4.2.1.2,,cap::4.2.1.1 cap::4.2.1.2,cap::4.2.1.1 cap::4.2.1.2,"3.1.6. Exigencia por riesgo de crédito de contraparte en operaciones con derivados
-OTC) o negociados en mercados regulados- y con liquidación diferida.
La exigencia final (RCD) surgirá de la sumatoria de las exposiciones al ries-
go de crédito de contraparte determinadas para cada conjunto de neteo (pun-
to 4.2. de las normas sobre “Capitales mínimos de las entidades financieras”),
y se informará en el código 14000000.
Para su determinación se seguirá la siguiente metodología:
i) Exposición al riesgo de crédito de contraparte
EAD = α (CR + EPF)
donde:
α = 1,40
CR = Costo de reposición calculado de acuerdo con el punto 4.2.1.1. de
las normas sobre “Capitales mínimos de las entidades financieras”.
EPF = Exposición potencial futura calculada de acuerdo con el punto
4.2.1.2. de dicho ordenamiento.
En caso de acuerdos de márgenes y de conjuntos de neteo múltiples, se
aplicarán las disposiciones del punto 4.2.1.3. de las citadas disposiciones.
ii) Ajuste de valuación del crédito (CVA)
Para determinar el riesgo de pérdidas derivadas de valuar a precios de
mercado el riesgo de contraparte esperado, se aplicará la fórmula del
punto 4.2.2. de las normas sobre “Capitales mínimos de las entidades fi-
nancieras”.
iii) Ponderador de riesgo (p)
Se aplicará el ponderador que corresponda a la contraparte, de acuerdo
con lo establecido en el punto 2.12. de las normas sobre “Capitales mí-
nimos de las entidades financieras”.
iv) Exigencia final (RCD)
Surgirá de la sumatoria de las exigencias EAD informadas para cada con-
traparte, de acuerdo con la siguiente expresión:
RCD = 8% x p x EAD + K(CVA)","[encabezado S3] Sección 3. Exigencia por riesgo de crédito
[encabezado 3.1] 3.1. Normas de procedimiento."
A27,Operacion_precancelacion_de_financiaciones_en_moneda_extranjera_8497e2,Operacion,ext,3.6.4.2,ext::3.6.4.2,"Cancelación anticipada de financiaciones en moneda extranjera de entidades financieras locales, excepto la cancelación de giros en descubierto en cuentas corrientes en dólares estadounidenses",,ext::3.5,,ext::3.5,,"3.6.4.2. Otras financiaciones en moneda extranjera de entidades financieras locales,
excepto la cancelación de giros en descubierto en cuentas corrientes en
dólares estadounidenses, canceladas en forma simultánea con la liquidación
de fondos desde el exterior por nuevos endeudamientos.
i) la precancelación sea efectuada en manera simultánea con los fondos
liquidados de un nuevo endeudamiento financiero comprendido en el
punto 3.5. y/o una nueva prefinanciación de exportaciones del exterior;
ii) la vida promedio del nuevo endeudamiento sea mayor a la vida
promedio remanente de la deuda que se precancela;
iii) el monto acumulado de los vencimientos de capital del nuevo
endeudamiento en ningún momento, hasta la fecha de vencimiento de la
deuda que se cancela, podrá superar el monto que hubieran acumulado
los vencimientos de capital de la financiación a precancelar; y
iv)en caso de que el nuevo endeudamiento sea una prefinanciación de
exportaciones del exterior, la entidad deberá contar con una declaración
jurada del cliente dejando constancia de que será necesaria la
conformidad previa del BCRA para la aplicación de divisas de cobros de
exportaciones a la cancelación del capital con anterioridad a los
vencimientos computados a los efectos del cumplimiento de las
condiciones indicadas.
Si la financiación precancelada por el cliente hubiese sido otorgada a partir
de una línea de crédito del exterior, la entidad financiera podrá a su vez
precancelar el capital y los intereses devengados de la línea de crédito por la
parte proporcional a la deuda cobrada anticipadamente.","[encabezado S3] Sección 3. Disposiciones específicas para los egresos por el mercado de cambios
[chapeau_seccion S3] Las entidades previamente a dar acceso al mercado de cambio por las operaciones comprendidas
en los puntos 3.1. a 3.15. –incluyendo aquellas que se concreten a través de canjes o arbitrajes–,
adicionalmente a los requisitos y condiciones específicas detalladas en cada punto, deberán
cumplimentar los requisitos complementarios que constan en el punto 3.16. que resulten aplicables.
[encabezado 3.6] 3.6. Pagos de títulos de deuda u otros valores representativos de deuda denominados y
[intro 3.6] pagaderos en moneda extranjera en el país y obligaciones en moneda extranjera entre
residentes.
[encabezado 3.6.4] 3.6.4. El acceso al mercado de cambios con anterioridad al vencimiento requerirá la
[intro 3.6.4] conformidad previa del BCRA excepto que la operación encuadre en alguna de las
siguientes situaciones y se cumplan la totalidad de las condiciones estipuladas en cada
caso:"
A28,Operacion_giro_de_utilidades_y_dividendos_al_exterior_31f15a,Operacion,ext,3.4,ext::3.4.4.7,Giro de divisas al exterior en concepto de utilidades y dividendos a accionistas no residentes,,ext::4.6.1,,ext::4.6.1,ext::4.6.1,"3.4.4.7. El cliente cuenta con una “Certificación de aumento de exportaciones de
bienes” para los años 2021 a 2023 emitida en el marco del punto 3.18., por
el equivalente al valor de utilidades y dividendos que se abona.","[encabezado S3] Sección 3. Disposiciones específicas para los egresos por el mercado de cambios
[chapeau_seccion S3] Las entidades previamente a dar acceso al mercado de cambio por las operaciones comprendidas
en los puntos 3.1. a 3.15. –incluyendo aquellas que se concreten a través de canjes o arbitrajes–,
adicionalmente a los requisitos y condiciones específicas detalladas en cada punto, deberán
cumplimentar los requisitos complementarios que constan en el punto 3.16. que resulten aplicables.
[encabezado 3.4] 3.4. Pagos de utilidades y dividendos.
[intro 3.4] Las entidades podrán dar acceso al mercado de cambios para girar divisas al exterior en
concepto de utilidades y dividendos a accionistas no residentes, en la medida que se cumpla
la totalidad de las siguientes condiciones:
[cierre 3.4] Los casos que no encuadren en lo expuesto precedentemente requerirán la conformidad
previa del BCRA para acceder al mercado de cambios.
Los clientes podrán suscribir Bonos para la Reconstrucción de una Argentina Libre
(BOPREAL) por hasta el equivalente al monto en moneda local de las utilidades y dividendos
pendientes de pago a accionistas no residentes según la distribución determinada por la
asamblea de accionistas, en la medida que se encuentren sujetos a conformidad previa del
BCRA y se cumplan los requisitos previstos en el punto 4.6.1.
[encabezado 3.4.4] 3.4.4. El cliente encuadra en algunas de las siguientes situaciones y cumple la totalidad de
[intro 3.4.4] las condiciones estipuladas en cada caso:"
A29,Obligacion_en_el_codigo_15000000_se_consignara_el_cargo_adicional_de_capital_resultante_de__c723c6,Obligacion,ric,3.1.8,ric::3.1.8,En el código 15000000 se consignará el cargo adicional de capital resultante de la diferencia entre lo registrado según lo señalado en el apartado a) y el que resulte de aplicar a dicho importe el factor 4,,cap::11.5,,cap::11.5,cap::11.5,"3.1.8. Exigencia adicional de capital por riesgo de crédito por financiaciones a clientes
con actividad agrícola que no sean MIPyMES y tengan un ratio de acopio supe-
rior al 5 % de su cosecha anual - Código 15000000.
Para el cómputo de la exigencia adicional establecida en el punto 11.5. de las
normas sobre “Capitales mínimos de las entidades financieras”, deberá aplicar-
se la siguiente metodología:
a) El saldo de las financiaciones y otras exposiciones se registrará en los códi-
gos que correspondan, previstos en esta sección, consignando los ponde-
radores y CCF pertinentes, de manera tal de determinar la exigencia gene-
ral;
b) En el código 15000000 se consignará el cargo adicional de capital resultan-
te de la diferencia entre lo registrado según lo señalado en el apartado a)
y el que resulte de aplicar a dicho importe el factor 4.","[encabezado S3] Sección 3. Exigencia por riesgo de crédito
[encabezado 3.1] 3.1. Normas de procedimiento."
A30,Obligacion_la_mencionada_entidad_debera_realizar_un_boleto_de_venta_de_cambio_a_nombre_del__375487,Obligacion,ext,4.7,ext::4.7.2,"La mencionada entidad deberá realizar un boleto de venta de cambio a nombre del cliente por el código de concepto que identifique el tipo de operación (""I12. Registro de intereses compensatorios por deudas comerciales con contrapartes vinculadas por adjudicación de bonos BOPREAL"", ""I13. Registro de intereses compensatorios por deudas financieras con contrapartes vinculadas por adjudicación de bonos BOPREAL"" o ""P28. Registro de deudas con contrapartes vinculadas por adjudicación de bonos BOPREAL""); consignando el valor nominal en moneda extranjera de bonos BOPREAL adjudicado al importador.",,ext::3.3.3 ext::3.5.6,,ext::3.3.3 ext::3.5.6,ext::3.3.3 ext::3.5.6,"4.7.2. el cliente cumple los requisitos complementarios previstos en los puntos 3.16.1. a
3.16.4.","[encabezado S4] Sección 4. Otras disposiciones específicas.
[encabezado 4.7] 4.7. Suscripción de bonos BOPREAL por parte de deudores de capital e intereses vencidos con
[intro 4.7] contrapartes vinculadas sujetos a la conformidad previa del BCRA prevista en los puntos
3.3.3. y 3.5.6.
Los clientes podrán suscribir Bonos para la Reconstrucción de una Argentina Libre
(BOPREAL) por hasta la suma adeudada a la fecha de la suscripción por:
[intro 4.7] i) Intereses compensatorios vencidos hasta el 04/07/24 por deudas comerciales por
[intro 4.7] importaciones de bienes y servicios con contrapartes vinculadas.
[intro 4.7] ii) Intereses compensatorios vencidos hasta el 31/12/24 por deudas financieras con
[intro 4.7] contrapartes vinculadas.
[intro 4.7] iii) Capital vencido por deudas financieras con contrapartes vinculadas.
[intro 4.7] La entidad que concrete la oferta de suscripción en nombre del cliente deberá contar con la
documentación que permite avalar la existencia de la deuda, el monto adeudado a la fecha de
suscripción y verificar que:
[cierre 4.7] La mencionada entidad deberá realizar un boleto de venta de cambio a nombre del cliente por
el código de concepto que identifique el tipo de operación (“I12. Registro de intereses
compensatorios por deudas comerciales con contrapartes vinculadas por adjudicación de
bonos BOPREAL”, “I13. Registro de intereses compensatorios por deudas financieras con
contrapartes vinculadas por adjudicación de bonos BOPREAL” o “P28. Registro de deudas
con contrapartes vinculadas por adjudicación de bonos BOPREAL”); consignando el valor
nominal en moneda extranjera de bonos BOPREAL adjudicado al importador."
