id_lectura,id_propuesto,label,padre_sugerido,n_provenances,candidatos,estado,motivo,resuelto_a
C01,Sujeto_propuesto_administradores_de_las_carteras_crediticias,administradores de las carteras crediticias,Sujeto_sujeto_regulado,1,[],cuarentena,sin_match_en_catalogo,
C02,Sujeto_propuesto_entidades_del_grupo_a,Entidades del Grupo A,Sujeto_rol_entidad_comprendida_reginf,1,[],cuarentena,sin_match_en_catalogo,
C03,Sujeto_propuesto_inversor,inversor,Sujeto_contraparte,2,[],cuarentena,sin_match_en_catalogo,
C04,Sujeto_propuesto_inversores_y_tenedores,inversores y tenedores,Sujeto_contraparte,1,[],cuarentena,sin_match_en_catalogo,
C05,Sujeto_propuesto_originante,originante,Sujeto_entidad_originante_de_transferencia,1,[],cuarentena,sin_match_en_catalogo,
C06,Sujeto_propuesto_originante_fiduciario,originante/fiduciario,Sujeto_estructura,2,[],cuarentena,sin_match_en_catalogo,
C07,Sujeto_propuesto_restantes_entidades,Restantes entidades,Sujeto_entidad_financiera,1,[],cuarentena,sin_match_en_catalogo,
C08,Sujeto_propuesto_beneficiario_de_certificaciones_de_incremento_de_exportaciones,beneficiario de certificaciones de incremento de exportaciones,Sujeto_beneficiario_economia_conocimiento,1,[],cuarentena,sin_match_en_catalogo,
C09,Sujeto_propuesto_beneficiarios_del_regimen_de_acceso_a_divisas_para_la_produccion_incremental_de_,beneficiarios del Régimen de acceso a divisas para la producción incremental de petróleo (RADPIP) y/o gas natural (RADPIGN),Sujeto_beneficiario_economia_conocimiento,1,[],cuarentena,sin_match_en_catalogo,
C10,Sujeto_propuesto_centrales_locales_de_deposito_colectivo_de_valores,centrales locales de depósito colectivo de valores,Sujeto_estructura,1,[],cuarentena,sin_match_en_catalogo,
C11,Sujeto_propuesto_cliente_que_no_es_persona_humana_residente,cliente que no es persona humana residente,Sujeto_persona_juridica,1,[],cuarentena,sin_match_en_catalogo,
C12,Sujeto_propuesto_empresas_del_grupo_economico_de_la_procesadora_de_pagos,Empresas del grupo económico de la procesadora de pagos,Sujeto_empresa_no_financiera_emisora_de_tarjetas,1,[],cuarentena,sin_match_en_catalogo,
C13,Sujeto_propuesto_personal_diplomatico_acreditado,Personal diplomático acreditado,Sujeto_persona_humana,1,[],cuarentena,sin_match_en_catalogo,
C14,Sujeto_propuesto_representaciones_diplomaticas_y_consulares,Representaciones diplomáticas y consulares,Sujeto_persona_juridica,1,[],cuarentena,sin_match_en_catalogo,
C15,Sujeto_propuesto_residentes_que_no_sean_entidades_autorizadas_a_operar_en_cambios,residentes que no sean entidades autorizadas a operar en cambios,Sujeto_contraparte,1,[],cuarentena,sin_match_en_catalogo,
C16,Sujeto_propuesto_caja_de_valores_s_a,Caja de Valores S.A.,Sujeto_entidad_bursatil,1,[],cuarentena,sin_match_en_catalogo,
C17,Sujeto_propuesto_cuentacorrentista,cuentacorrentista,Sujeto_cliente,1,[],cuarentena,sin_match_en_catalogo,
C18,Sujeto_propuesto_echeq,ECHEQ,Sujeto_estructura,1,[],cuarentena,sin_match_en_catalogo,
C19,Sujeto_propuesto_empresas_administradoras_de_las_redes_de_cajeros_automaticos,empresas administradoras de las redes de cajeros automáticos,Sujeto_entidad_financiera,1,[],cuarentena,sin_match_en_catalogo,
C20,Sujeto_propuesto_personas_inhabilitadas_por_decision_judicial_o_por_motivos_legales,personas inhabilitadas por decisión judicial o por motivos legales,Sujeto_persona_humana,1,[],cuarentena,sin_match_en_catalogo,
C21,Sujeto_propuesto_personas_que_hayan_sido_incorporadas_a_las_centrales,personas que hayan sido incorporadas a las centrales,Sujeto_persona_juridica,1,[],cuarentena,sin_match_en_catalogo,
C22,Sujeto_propuesto_integrantes_de_la_alta_gerencia,integrantes de la Alta Gerencia,Sujeto_persona_juridica,1,[],cuarentena,sin_match_en_catalogo,
C23,Sujeto_propuesto_extranjeros_con_residencia_permanente_o_temporaria,extranjeros con residencia permanente o temporaria,Sujeto_persona_humana,1,[],cuarentena,sin_match_en_catalogo,
C24,Sujeto_propuesto_presentante,presentante,Sujeto_persona_humana,1,[],cuarentena,sin_match_en_catalogo,
