orden,id,to,pregunta,ancla,criterios,texto_ancla,tipo,nota
1,T0F-009,polcre,"Un importador radicado en el exterior quiere financiar la compra de bienes fabricados en Argentina. ¿Podemos aplicar a esa financiación la capacidad de préstamo de nuestros depósitos en moneda extranjera, y puede canalizarse a través de un banco del exterior?",polcre:2.1.16,La respuesta debe indicar que las financiaciones a importadores del exterior para la adquisición de bienes y/o servicios producidos en el país son un destino admitido de la capacidad de préstamo de los depósitos en moneda extranjera. | La respuesta debe indicar que la financiación puede otorgarse de manera directa o a través de líneas de crédito a bancos del exterior. | La respuesta debe condicionar el destino a que los bienes y/o servicios adquiridos sean producidos en el país.,"[2.1.16] Financiaciones a importadores del exterior para la adquisición de bienes y/o servicios
producidos en el país, ya sea de manera directa o a través de líneas de crédito a ban-
cos del exterior.",,
2,T0F-001,ctacte,"Un cliente quiere que los cheques de pago diferido que recibió, que no llevan la leyenda que autoriza su negociación bursátil, se depositen para negociarse en el mercado de valores. Como banco girado, ¿qué tenemos que hacer para habilitar esa operatoria, y el endoso para depositarlos en la Caja de Valores cuenta para el límite de endosos?",ctacte:4.5.1 ; ctacte:5.1.1,"La respuesta debe indicar que el banco girado debe certificar la validez formal del cheque a la fecha en que se lo transfiere para incorporarse a esa modalidad operativa. | La respuesta debe indicar que el banco girado debe contar con la expresa autorización del titular de la cuenta corriente para proporcionar los datos de esos cheques que son indicativos de una operación pasiva, quedando liberado de la obligación de confidencialidad de las leyes de Entidades Financieras y de Protección de datos personales. | La respuesta debe indicar que los endosos por depósito de los cheques en la Caja de Valores S.A. para ser negociados en las bolsas de comercio y mercados de valores autorizados por la Comisión Nacional de Valores están exceptuados de la limitación a la cantidad de endosos. | La respuesta debe indicar que, en ese caso, los endosos deben extenderse con la cláusula “... para su negociación en mercados de valores”.","[4.5.1] Cuando se transfieran cheques de pago diferido –en depósito– para su negociación en
las Bolsas de Comercio y Mercados de Valores autorregulados de la República Argen-
tina (artículo 56 de la Ley de Cheques - texto según el Decreto N° 386/03), que no con-
tengan la leyenda que autorice su negociación será necesario que el banco girado:

[4.5.1.1] Certifique la validez formal del pertinente cheque, a la fecha en que se lo
transfiera para incorporarse a esa modalidad operativa.

[4.5.1.2] Cuente con la expresa autorización del titular de la cuenta corriente para pro-
porcionar los datos relativos a dichos cheques que resultan ser indicativos de
una operación pasiva, liberándolo de la obligación de confidencialidad a que
se refieren las leyes de Entidades Financieras (arts. 39 y 40) y de Protección
de datos personales (Ley 25.326).

=====

[5.1.1] Límite.
Los cheques que se presenten al cobro o –en su caso– a la registración hasta el
31.12.27 inclusive, sólo podrán contener la cantidad de endosos que seguidamente se
indican:

[5.1.1.1] Cheques comunes: hasta un endoso.

[5.1.1.2] Cheques de pago diferido: hasta 2 (dos) endosos.

[5.1.1] (cierre)
Se exceptúan de las limitaciones establecidas en este punto a los endosos que las enti-
dades financieras realicen para la obtención de financiación, a favor de una entidad fi-
nanciera o de un fiduciario de un fideicomiso financiero, en ambos casos comprendidos
en la Ley de Entidades Financieras y las sucesivas transmisiones a favor de otros sujetos
de la misma naturaleza, así como cuando los cheques se depositen en la Caja de Valo-
res S.A. para ser negociados en las bolsas de comercio y mercados de valores autoriza-
dos por la Comisión Nacional de Valores de la República Argentina, en cuyo caso los en-
dosos deberán ser extendidos con la cláusula “... para su negociación en mercados de
valores”. También se exceptuarán de la citada limitación los endosos a favor del BCRA y
aquellos efectuados en los ECHEQ.",,
3,T0F-013,pagjub,Un beneficiario se quejó de que esperó más de una hora en la sucursal para cobrar su haber de ANSES. ¿La reglamentación del BCRA fija un tiempo máximo de espera en caja para estos beneficiarios?,pagjub:1.2,"La respuesta debe indicar que el documento no establece un tiempo máximo de espera en caja para los beneficiarios. | La respuesta debe indicar lo que sí prevé el texto: los beneficiarios tienen acceso a todas las cajas de la casa o sucursal donde les corresponda percibir sus haberes, con trato diferencial como clientes y prioridad de atención ante no clientes. | La respuesta debe indicar que el servicio se presta en el horario de atención al público en general, pudiendo establecerse horarios especiales adicionales.","[1.2] Horarios de pago.
Las entidades financieras deberán prestar el servicio en el horario de atención al público en
general. Sin perjuicio de ello, dentro de lo que dispongan las normas aplicables, podrán esta-
blecer horarios especiales adicionales.
Los beneficiarios tendrán acceso a todas las cajas de la casa o sucursal donde les corresponda
percibir sus haberes, gozando de un trato diferencial como clientes, con prioridad de atención
ante no clientes.",,
4,T0F-019,docvig,"Un extranjero de 50 años obtuvo la residencia permanente en Argentina hace más de un año. ¿Con qué documento debe identificarse ante la entidad, qué debe acreditar sobre su residencia, y qué pasa si hay prueba de que su domicilio está en otro país?",docvig:2.1.3,"La respuesta debe indicar que el documento previsto es el Documento Nacional de Identidad digital (DNI-d). | La respuesta debe indicar que, de existir prueba en contrario del país de domicilio, deja de aplicarse esa regla y rige el punto previsto para el caso de menos de un año de otorgada la residencia. | La respuesta debe indicar que debe acreditarse la categoría de residencia, su vigencia y el tiempo de radicación a partir de documentación emitida por la DNM.","[2.1.3] A partir del año de otorgada la residencia permanente o temporaria en el país.
Documento Nacional de Identidad digital (DNI-d).
De existir prueba en contrario del país de domicilio, aplicará el punto 2.1.2.
En todos los casos deberá acreditarse la categoría de residencia, su vigencia y el tiempo de
radicación a partir de documentación emitida por la DNM.
El DNI-d en formato credencial virtual para dispositivos móviles inteligentes podrá ser exhibido
en las casas operativas de las entidades financieras en la medida que se observen las disposi-
ciones contenidas en el punto 2.12. de las normas sobre “Medidas mínimas de seguridad en
entidades financieras”.",,
5,T0F-017,docvig,"Un cliente argentino que al 31 de diciembre de 2014 ya superaba los 75 años se presenta con su Libreta Cívica, y su cónyuge, del mismo grupo etario, con un DNI de confección manual. ¿Ambos documentos son válidos para identificarse ante la entidad?",docvig:1.2.2 ; docvig:1.2.3,"La respuesta debe indicar que la Libreta Cívica es un documento de identificación válido para ese grupo. | La respuesta debe indicar que el Documento Nacional de Identidad manual (DNI-m) también es válido para ese grupo, al igual que el digital (DNI-d). | La respuesta debe vincular la validez de esos documentos con la condición de argentino mayor de 75 años al 31.12.14 (o incapaz declarado judicialmente), y no con el régimen general de hasta 75 años.","[1.2.2] Libreta Cívica.

=====

[1.2.3] Documento Nacional de Identidad manual o digital (DNI-m o DNI-d).
El DNI-d en formato credencial virtual para dispositivos móviles inteligentes podrá ser exhibido en
las casas operativas de las entidades financieras en la medida que se observen las disposiciones
contenidas en el punto 2.13. del TO sobre Medidas Mínimas de Seguridad en Entidades Financie-
ras.",,
6,T0F-012,polcre,Para operar líneas de crédito y productos derivados con un banco del exterior nos piden constituir garantías allá. ¿Qué activos podemos mantener en esas cuentas de garantía en el exterior y con qué condiciones?,polcre:5.4,La respuesta debe indicar que pueden mantenerse depósitos de efectivo en cuentas de garantías en bancos y mercados institucionalizados del exterior. | La respuesta debe indicar que también pueden mantenerse títulos valores públicos emitidos por otros estados soberanos que cumplan lo previsto en las normas sobre “Evaluaciones crediticias”. | La respuesta debe condicionar esas garantías a que resulten necesarias para realizar las operaciones previstas en las normas sobre “Afectación de activos en garantía”.,"[5.4] Garantías para líneas de crédito y productos derivados en el exterior.
Las entidades financieras podrán mantener en cuentas de garantías en bancos y mercados ins-
titucionalizados del exterior, depósitos de efectivo y de títulos valores públicos emitidos por
otros estados soberanos que cumplan lo previsto por el punto 3.3. de las normas sobre “Eva-
luaciones crediticias”, en tanto resulten necesarias para realizar las operaciones previstas en
los puntos 2.1. y 2.2. de las normas sobre “Afectación de activos en garantía”.",,
7,T0F-014,pagjub,"Al procesar nuestra rendición de cuentas de pagos por cuenta de ANSES, el BCRA detectó registros con inconsistencias en el archivo de órdenes de pago impagas. ¿A partir de qué proporción de registros inconsistentes se rechaza la presentación?",pagjub:2.7.5,"La respuesta debe indicar que la presentación se rechaza cuando la cantidad de registros con inconsistencias supera el 1,5 %. | La respuesta debe indicar que el umbral se evalúa por archivo: basta con que se supere en alguno de los archivos presentados.","[2.7.5] La cantidad de registros con inconsistencias en alguno de los archivos supera el 1,5 %.",,
8,T0F-010,polcre,"Vamos a otorgar préstamos hipotecarios en Unidades de Vivienda (UVI) a personas humanas. Al momento del otorgamiento, ¿qué nos exige la norma respecto de la relación cuota/ingreso del deudor y por qué?",polcre:6.2.1.5,La respuesta debe indicar que al otorgar financiaciones a personas humanas se debe tener especial atención a la relación cuota/ingreso. | La respuesta debe indicar que la finalidad es que el deudor pueda afrontar posibles incrementos en el importe de las cuotas sin afectar su capacidad de pago. | La respuesta debe indicar que se tiene en cuenta que los ingresos del deudor pueden no seguir la evolución de la Unidad de Vivienda actualizable por “ICC” (“UVI”) ni la del “CVS”.,"[6.2.1.5] Al momento del otorgamiento de financiaciones a personas humanas, se deberá
tener especial atención a la relación cuota/ingreso de manera de que el deudor
pueda afrontar posibles incrementos en el importe de las cuotas sin afectar su
capacidad de pago, teniendo en cuenta que sus ingresos pueden no seguir la
evolución de la Unidad de Vivienda actualizable por “ICC” (“UVI”) ni la del “CVS”.",,
9,T0F-005,lingob,"Estamos definiendo la función de cumplimiento del banco. Según los lineamientos de gobierno societario, ¿tiene que ser una unidad organizativa separada, o el personal responsable del cumplimiento puede estar dentro de las áreas de negocio o sucursales, y con qué condición?",lingob:5.2,La respuesta debe indicar que el término “función de cumplimiento” no hace referencia necesariamente a una unidad organizativa. | La respuesta debe indicar que el personal responsable del cumplimiento puede formar parte de las unidades de negocio operativas o de las sucursales y estar bajo la autoridad de una línea de negocios operativa. | La respuesta debe indicar la condición: ese personal debe responder también ante el jefe de cumplimiento de la entidad.,"[5.2] Controles internos.
La entidad financiera deberá implementar adecuadas funciones de control interno, incluyendo
funciones de cumplimiento para, entre otras cuestiones, monitorear regularmente el cumpli-
miento de las reglas de gobierno societario y de las regulaciones, códigos y políticas a las cua-
les está sujeta la entidad. Asimismo, deberán reportarse las desviaciones al nivel gerencial per-
tinente y, cuando fuere necesario, informar al Directorio.
Los controles internos deberán ser acordes al tamaño y a la complejidad de la actividad de la
entidad financiera, e incluir normas claras sobre la delegación de facultades y la asignación de
responsabilidades y sobre las funciones independientes de auditoría interna y de cumplimiento
para comprobar la observancia de estos controles así como de la le gislación y la regulación
aplicables.
El término “función de cumplimiento” no hace referencia necesariamente a una unidad organi-
zativa, ya que el personal responsable del cumplimiento puede formar parte de las unidades de
negocio operativas o de las sucursales y puede estar bajo la autoridad de una línea de nego-
cios operativa, siempre y cuando también responda ante el jefe de cumplimiento de la entidad.",,
10,T0F-015,pagjub,Respecto de las cuentas corrientes especiales que el BCRA nos abrió para el pago de beneficios por cuenta de ANSES: ¿cuándo se acreditan los fondos de cada período de pago y podemos retirar fondos de esas cuentas?,pagjub:3.2.1.1 ; pagjub:3.2.1.3,"La respuesta debe indicar que el importe total de las instrucciones de pago emitidas se acredita dentro de las 24 horas hábiles anteriores al comienzo de cada período de pago. | La respuesta debe indicar que los importes correspondientes a nuevos beneficios u otros conceptos se acreditan en las fechas que indique la ANSES. | La respuesta debe indicar que pueden efectuarse retiros de fondos en la medida que se estime necesario, mediante los medios habilitados a tal efecto.","[3.2.1.1] En estas cuentas se acreditará, dentro de las 24 horas hábiles anteriores al co-
mienzo de cada período de pago, el importe total de las instrucciones de pago
emitidas.
Asimismo, se acreditarán los importes correspondientes a nuevos beneficios u
otros conceptos en las fechas que indique la ANSES.

=====

[3.2.1.3] Podrán efectuarse retiros de fondos en la medida que se estime necesario me-
diante los medios habilitados a tal efecto.",,
11,T0F-018,docvig,"Un cliente nos informa que cambió su apellido por una resolución judicial que no tiene que ver con la identidad de género. ¿Ese supuesto está alcanzado por el régimen de rectificación de documentos de identidad de la norma, y con qué base legal?",docvig:3.1.2,La respuesta debe indicar que sí está alcanzado: el régimen comprende la modificación en el nombre y/o apellido dispuesta por resolución administrativa o judicial. | La respuesta debe identificar la base legal como el artículo 15 de la Ley 18.248. | La respuesta debe indicar que el supuesto comprende tanto la modificación dispuesta por resolución administrativa como la dispuesta por resolución judicial.,"[3.1.2] Ley 18.248 (artículo 15).
Modificación en el nombre y/o apellido dispuesta por resolución administrativa o judicial.",,
12,T0F-006,lingob,"Para mejorar la eficacia de la auditoría externa, ¿qué buenas prácticas se esperan del Directorio, a través del Comité de auditoría, y de la Alta Gerencia en su relación con los auditores externos?",lingob:5.1.2,La respuesta debe indicar que se debe monitorear que los auditores externos cumplan con los estándares profesionales para la auditoría externa. | La respuesta debe indicar que se deben proveer mecanismos para que los informes de los auditores externos no contengan limitaciones en el alcance por haber sido desarrollada parte de la tarea por otro auditor externo. | La respuesta debe indicar que se debe encomendar a los auditores externos la evaluación de los procesos de control interno relacionados con la información de los estados financieros. | La respuesta debe indicar que se debe asegurar que los auditores externos comprendan su deber de ejercer la debida diligencia profesional en la realización de la auditoría.,"[5.1.2] Auditoría externa.
Para mejorar la eficacia de la auditoría externa en su tarea de obtener una razonable
conclusión respecto a que los estados financieros representan adecuadamente la si-
tuación financiera y los resultados de la entidad financiera, es preciso –en orden a las
buenas prácticas– que el Directorio, a través de la intervención del Comité de auditoría
y la Alta Gerencia:

[5.1.2.1] Monitoree que los auditores externos cumplan con los estándares profesionales
para la auditoría externa.

[5.1.2.2] Provea los mecanismos para que los informes a ser presentados por los audito-
res externos de las entidades financieras no contengan limitaciones en el al-
cance como consecuencia de que parte de la tarea ha sido desarrollada por
otro auditor externo.

[5.1.2.3] Encomiende a los auditores externos la evaluación de los procesos de control
interno relacionados con la información de los estados financieros.

[5.1.2.4] Se asegure de que los auditores externos comprendan que tienen el deber de
ejercer la debida diligencia profesional en la realización de la auditoría.",,
13,T0F-007,lingob,"Estamos armando la sección de gobierno societario del sitio web del banco. Además de los informes sobre gobierno societario, ¿qué documentación económico-financiera se recomienda poner a disposición del público y qué políticas de conducta conviene divulgar?",lingob:7.1.10 ; lingob:7.1.5,"La respuesta debe indicar que se recomienda poner a disposición de los depositantes y del público en general la memoria del Directorio y los estados financieros completos, con sus notas, anexos e informes del síndico y del auditor externo. | La respuesta debe indicar que esa información puede publicarse en el sitio de Internet de la entidad o por otro medio, para brindar una información clara y exhaustiva de la situación económico/financiera de la entidad. | La respuesta debe indicar que se recomienda divulgar la política de conducta en los negocios y/o el código de ética, así como la política o estructura de gobierno aplicable.","[7.1.10] Además de los informes sobre gobierno societario, es recomendable que se ponga a
disposición de los depositantes y del público en general, ya sea en el sitio de Internet de
la entidad financiera o por otro medio, la memoria del Directorio y los estados
financieros completos, con sus notas, anexos e informes del síndico y del auditor
externo, de modo de brindar una información clara y exhaustiva de la situación
económico/financiera de la entidad.

=====

[7.1.5] Política de conducta en los negocios y/o código de ética, como también la política o es-
tructura de gobierno aplicable.",,
14,T0F-020,docvig,"Un cliente rectificó su DNI por la Ley de Identidad de Género y pide actualizar sus datos en la entidad. ¿Qué documentación tenemos que pedirle, y hay que exigirle también el documento anterior?",docvig:3.3.1,La respuesta debe indicar que sólo se requiere la exhibición del DNI-m o DNI-d expedido con posterioridad a la rectificación. | La respuesta debe indicar que debe entregarse una copia de ese documento para el legajo del cliente. | La respuesta debe indicar que no es necesaria la presentación del documento anterior.,"[3.3.1] En los casos comprendidos en el punto 3.1.1. sólo se requerirá la exhibición del DNI-m o
DNI-d expedido con posterioridad a la rectificación y la entrega de una copia para el lega-
jo del cliente.
No será necesaria la presentación del documento anterior.",,
15,T0F-002,ctacte,"Al registrar un cheque de pago diferido detectamos defectos y lo retenemos para que el librador los subsane. En el aviso que le cursamos al librador, ¿qué plazo para regularizar la situación tenemos que consignar?",ctacte:10.2.3.1,La respuesta debe indicar que el aviso debe consignar el plazo máximo con que cuenta el librador para regularizar la situación. | La respuesta debe indicar que ese plazo máximo es de 2 días hábiles bancarios.,"[10.2.3.1] Plazo máximo (2 días hábiles bancarios) con que cuenta el librador para re-
gularizar la situación.",,
16,T0F-003,ctacte,"Estamos revisando las cláusulas mínimas del contrato de cuenta corriente. Respecto de los depósitos u operaciones con ECHEQ realizados con los elementos de seguridad convenidos, ¿qué obligación tiene que asumir el cuentacorrentista?",ctacte:1.5.1.12,La respuesta debe indicar que el cuentacorrentista se obliga a no desconocer el depósito u operación realizada con un ECHEQ. | La respuesta debe indicar que esa obligación alcanza al depósito u operación efectuada mediante el uso de los elementos y procedimientos de seguridad convenidos para ello.,"[1.5.1.12] No desconocer el depósito u operación realizada con un ECHEQ que sea efec-
tuada mediante el uso de los elementos y procedimientos de seguridad conve-
nidos para ello.",,
17,T0F-004,ctacte,"Recibimos en depósito un cheque certificado librado en papel y lo presentamos al cobro al banco girado. ¿Tenemos que acompañar la fórmula de certificación o alcanza con nuestro sello, y hasta cuándo debemos conservarla?",ctacte:5.5.8,La respuesta debe indicar que el sello de la entidad financiera presentante acredita que la fórmula de certificación obra en su poder. | La respuesta debe indicar que la fórmula de certificación debe conservarse hasta tanto el girado preste conformidad al cheque librado a su cargo. | La respuesta debe encuadrar la regla en el caso del cheque librado en formato papel presentado al cobro a través de una entidad financiera.,"[5.5.8] Cuando el cheque librado en formato papel sea presentado al cobro a través de una en-
tidad financiera, su sello acreditará que obra en su poder la correspondiente “fórmula de
certificación”, la que deberá ser conservada hasta tanto el girado preste conformidad al
cheque librado a su cargo.",,
18,T0F-011,polcre,"¿Cómo se determina la capacidad de préstamo de los depósitos en moneda extranjera, y cómo se computan a ese efecto los depósitos en euros constituidos en la Cuenta Especial de Regularización de Activos?",polcre:2.5 ; polcre:S10,"La respuesta debe indicar que la capacidad de préstamo se determina por cada moneda extranjera captada. | La respuesta debe indicar que resulta de la suma de los depósitos y los préstamos interfinancieros recibidos (informados por la entidad otorgante como provenientes de su capacidad de préstamo de imposiciones en moneda extranjera), neta de la exigencia de efectivo mínimo sobre los depósitos. | La respuesta debe indicar que el cómputo de activos y pasivos se realiza sobre el promedio mensual de saldos diarios (capitales e intereses) de cada mes calendario. | La respuesta debe indicar que los depósitos en la Cuenta Especial de Regularización de Activos realizados en monedas extranjeras distintas del dólar estadounidense se consideran en esa moneda (en el ejemplo, euros) a efectos de la aplicación de la capacidad de préstamo.","[2.5] Capacidad de préstamo.
La capacidad de préstamo se determinará por cada moneda extranjera captada y resultará de
la suma de los depósitos y los préstamos interfinancieros recibidos, que hayan sido informados
por la entidad financiera otorgante como provenientes de su capacidad de préstamo de imposi-
ciones en moneda extranjera, neta de la exigencia de efectivo mínimo sobre los depósitos.
El cómputo de activos y pasivos se realizará a base del promedio mensual de saldos diarios
(capitales e intereses) registrados en cada mes calendario.
Las financiaciones se imputarán netas de las previsiones por riesgos de incobrabilidad y de
desvalorización que les sean atribuibles y, en su caso, de la “diferencia por adquisición de car-
tera”.

=====

[10] Disposiciones transitorias.
Los depósitos en la “Cuenta Especial de Regularización de Activos” –punto 3.16. del TO sobre De-
pósitos de Ahorro, Cuenta Sueldo y Especiales– realizados en monedas extranjeras distintas al dó-
lar estadounidense serán considerados en esa moneda a efectos de la aplicación de la capacidad
de préstamo de la Sección 2.",,
19,T0F-016,pagjub,Presentamos la rendición de cuentas de pagos por cuenta de ANSES dentro del período de presentación y el BCRA la aceptó sin inconsistencias. ¿Qué movimientos hace el BCRA en nuestra cuenta corriente y cuándo?,pagjub:2.8.1,La respuesta debe indicar que los movimientos se efectúan el mismo día de la aceptación. | La respuesta debe indicar que se debita de la cuenta corriente de la entidad participante el importe correspondiente a las órdenes de pago impagas. | La respuesta debe indicar que se acreditan en la cuenta corriente de la entidad participante las comisiones reconocidas por la ANSES por las órdenes de pago abonadas.,"[2.8.1] Presentación realizada y aceptada hasta el vencimiento del período de presentación y
sin inconsistencias.
El BCRA, en el mismo día de la aceptación, procederá a:

[2.8.1.1] Debitar de la cuenta corriente de la entidad participante el importe correspondien-
te a las órdenes de pago impagas.

[2.8.1.2] Acreditar en la cuenta corriente de la entidad participante las comisiones recono-
cidas por la ANSES por las órdenes de pago abonadas.",,
20,T0F-008,lingob,"Según los lineamientos de gobierno societario, ¿con qué periodicidad mínima tiene que monitorear el Directorio el perfil de riesgo de la entidad?",lingob:2.1.2,"La respuesta debe indicar que el documento no fija una periodicidad ni una frecuencia mínima para el monitoreo del perfil de riesgo por parte del Directorio. | La respuesta debe indicar que monitorear el perfil de riesgo de la entidad figura entre las buenas prácticas esperadas del Directorio. | La respuesta no debe atribuir a la norma una frecuencia concreta (por ejemplo, anual, semestral o trimestral) para ese monitoreo.",[2.1.2] Monitoree el perfil de riesgo de la entidad.,,
