estrato,to,pagina,rol_pagina,clase,prescribe,nota,revision_autora
1_ficha_manual,manual,126,ficha_registro,ficha de cuenta con criterio de imputación,no,"cuenta 116017, cuentas a la vista para efectivo mínimo; solo «Incluye»",
1_ficha_manual,manual,290,ficha_registro,ficha de cuenta con criterio de imputación,sí,"cuenta 131812, intereses devengados; «se imputarán con contrapartida»",
1_ficha_manual,manual,329,ficha_registro,ficha de cuenta con criterio de imputación,sí,"cuenta 132136, préstamos de títulos públicos; «Las imputaciones se efectuarán»",
1_ficha_manual,manual,394,ficha_registro,ficha de cuenta con criterio de imputación,sí,"cuenta 135415, documentos a sola firma; «se acreditará»",
1_ficha_manual,manual,429,ficha_registro,ficha de cuenta con criterio de imputación,sí,"cuenta 135721, documentos comprados; «se imputará»",
1_ficha_manual,manual,480,ficha_registro,ficha de cuenta con criterio de imputación,sí,"cuenta 136205, intereses por documentos; «se imputarán»",
1_ficha_manual,manual,495,ficha_registro,ficha de cuenta con criterio de imputación,sí,"cuenta 141104, pases activos; «Las imputaciones se efectuarán»",
1_ficha_manual,manual,631,ficha_registro,ficha de cuenta con criterio de imputación,sí,"cuenta 145119, compras a término de moneda extranjera; «se efectuarán»",
1_ficha_manual,manual,694,ficha_registro,ficha de cuenta con criterio de imputación,sí,"cuenta 145303, previsión por desvalorización; «deberá efectuarse», «deberá constituirse»",
1_ficha_manual,manual,858,ficha_registro,ficha de cuenta con criterio de imputación,sí,"cuenta 175141, depósitos en garantía; «se registrarán», «se valuarán»",
1_ficha_manual,manual,948,ficha_registro,ficha de cuenta con criterio de imputación,no,"cuenta 311147, inversiones con opción de renovación; solo «Incluye»",
1_ficha_manual,manual,949,ficha_registro,ficha de cuenta con criterio de imputación,no,"cuenta 311148, depósitos vinculados con operaciones cambiarias; solo «Incluye»",
1_ficha_manual,manual,1123,ficha_registro,ficha de cuenta con criterio de imputación,sí,"cuenta 315203, intereses a pagar; «se imputarán»",
1_ficha_manual,manual,1223,ficha_registro,ficha de cuenta con criterio de imputación,no,"cuenta 321105, pases entre terceros; solo «Incluye»",
1_ficha_manual,manual,1380,ficha_registro,ficha de cuenta con criterio de imputación,no,"cuenta 325134, otras financiaciones de entidades; solo «Incluye»",
1_ficha_manual,manual,1552,ficha_registro,ficha de cuenta con criterio de imputación,sí,"cuenta 361103, obligaciones subordinadas; «No se incluirán»",
1_ficha_manual,manual,1625,ficha_registro,ficha de cuenta con criterio de imputación,sí,"cuenta 430015, revalúos técnicos; «se reexpresará», «se debitará»",
1_ficha_manual,manual,1709,ficha_registro,ficha de cuenta con criterio de imputación,no,"cuenta 515052, intereses por préstamos prendarios; solo «Incluye»",
1_ficha_manual,manual,1732,ficha_registro,ficha de cuenta con criterio de imputación,no,"cuenta 521031, aporte al Instituto de Servicios Sociales Bancarios; solo «Incluye»",
1_ficha_manual,manual,1893,ficha_registro,ficha de cuenta con criterio de imputación,sí,"cuenta 610003, impuesto a las ganancias; «se efectuarán», «No se admitirá»",
2_ficha_ri2_pm,ri2_pm,51,ficha_registro,ficha de cuenta con criterio de imputación,no,"cuenta 101011ZZZ0000004, efectivo en caja; solo «Incluye»",
2_ficha_ri2_pm,ri2_pm,88,ficha_registro,ficha de cuenta con criterio de imputación,sí,"cuenta 102021ZZZ0000101, títulos en garantía; «se valuará», «debiendo imputarse»",
2_ficha_ri2_pm,ri2_pm,115,ficha_registro,ficha de cuenta con criterio de imputación,no,"cuenta 103032ZZZ0010002, otros anticipos; solo «Incluye»",
2_ficha_ri2_pm,ri2_pm,123,ficha_registro,ficha de cuenta con criterio de imputación,no,"rubro 1040000000000000, otros créditos; «Comprende»",
2_ficha_ri2_pm,ri2_pm,166,ficha_registro,ficha de cuenta con criterio de imputación,sí,"cuenta 105030XPT0000001, platino; «se valuarán», «debiendo imputarse»",
2_ficha_ri2_pm,ri2_pm,181,ficha_registro,ficha de cuenta con criterio de imputación,no,"cuenta 105700ARS0000001, otros bienes de cambio; solo «Incluye»",
2_ficha_ri2_pm,ri2_pm,230,ficha_registro,ficha de cuenta con criterio de imputación,no,"cuenta 201041ZZZ0010001, deudas bancarias; solo «Incluye»",
2_ficha_ri2_pm,ri2_pm,274,ficha_registro,ficha de cuenta con criterio de imputación,no,"cuenta 3010000000000004, acciones pendientes de emisión; solo «Incluye»",
2_ficha_ri2_pm,ri2_pm,299,ficha_registro,ficha de cuenta con criterio de imputación,no,"cuenta 401030ZZZ0000001, venta de metales; «Comprende»",
2_ficha_ri2_pm,ri2_pm,375,ficha_registro,ficha de cuenta con criterio de imputación,no,"rubro 4090000000000000, impuesto a las ganancias; «Comprende»",
3_cuerpo_entre_fichas,manual,159,cuerpo,ficha de cuenta con criterio de imputación,sí,"ficha 125008 con otro formato, títulos por pases con el BCRA; «se incorporarán», «se imputará»",
3_cuerpo_entre_fichas,manual,458,cuerpo,ficha de cuenta con criterio de imputación,sí,"ficha de rubro 136000, préstamos a residentes en el exterior; «se valuarán», «debiendo imputarse»",
3_cuerpo_entre_fichas,manual,487,cuerpo,ficha de cuenta con criterio de imputación,sí,"ficha 136305, previsión por intereses de deudas irregulares; «no podrá generar desafectación»",
3_cuerpo_entre_fichas,manual,716,cuerpo,ficha de cuenta con criterio de imputación,sí,"ficha 146115, saldos de operaciones a término; «se registrarán», «se imputarán»",
3_cuerpo_entre_fichas,manual,736,cuerpo,ficha de cuenta con criterio de imputación,sí,"ficha 146201, intereses a cobrar; «se imputarán», «dejará de efectuarse»",
3_cuerpo_entre_fichas,manual,778,cuerpo,ficha de cuenta con criterio de imputación,sí,"ficha 161098, previsión por participaciones; «deberá efectuarse», «deberá constituirse»",
3_cuerpo_entre_fichas,manual,918,cuerpo,ficha de cuenta con criterio de imputación,sí,"rubro 220000, filiales en el exterior, hoja 3 de 3: tabla de tipo de cambio por partida y notas; «deberán convertirse»",
3_cuerpo_entre_fichas,manual,1874,cuerpo,ficha de cuenta con criterio de imputación,sí,"ficha 580009, pérdida por venta de bienes diversos; «Se considerarán», «se acreditará»",
3_cuerpo_entre_fichas,manual,1901,cuerpo,ficha de cuenta con criterio de imputación,sí,"ficha de rubro 700000, cuentas de orden; «las cuentas deberán clasificarse»",
3_cuerpo_entre_fichas,ri2_pm,29,cuerpo,tabla de códigos,no,"línea del plan de cuentas: 4040000000000001, diferencia de cotización de bienes de cambio",
4_planilla_nueve,ri_con,4,cuerpo,formulario o planilla,no,"planilla del estado de consolidación (R.I. – E.C.), préstamos",
4_planilla_nueve,ri_con,5,cuerpo,formulario o planilla,no,"planilla del estado de consolidación, otros créditos por intermediación financiera",
4_planilla_nueve,ri_con,6,cuerpo,formulario o planilla,no,"planilla del estado de consolidación, créditos diversos y otros activos",
4_planilla_nueve,ri_con,7,cuerpo,formulario o planilla,no,"planilla del estado de consolidación, total de activo y depósitos",
4_planilla_nueve,ri_con,8,cuerpo,formulario o planilla,no,"planilla del estado de consolidación, otras obligaciones y total pasivo",
4_planilla_nueve,ri_con,9,cuerpo,formulario o planilla,no,"planilla del estado de consolidación, patrimonio neto y estado de resultados",
4_planilla_nueve,ri_con,10,cuerpo,formulario o planilla,no,"planilla del estado de consolidación, ingresos y egresos financieros",
4_planilla_nueve,ri_con,11,cuerpo,formulario o planilla,no,"planilla del estado de consolidación, margen bruto y gastos",
4_planilla_nueve,ri_con,15,cuerpo,formulario o planilla,no,"planilla del estado de consolidación, cuentas de orden acreedoras",
4_planilla_nueve,ri_con,16,cuerpo,formulario o planilla,no,"planilla del estado de consolidación, cuentas de derivados y fiduciarias",
5_optico,optico,4,indice,historial o índice,no,índice de secciones 53 a 76 del régimen de presentación de informaciones,
5_optico,optico,12,historial,historial o índice,no,historial de comunicaciones «A» 4398 a 4540,
5_optico,optico,20,historial,historial o índice,no,historial de comunicaciones «A» 5660 a 5791,
6_plandecuentas,plandecuentas,7,ficha_registro,tabla de códigos,no,códigos 131220 a 131503 con su denominación,
6_plandecuentas,plandecuentas,23,ficha_registro,tabla de códigos,no,códigos 172201 a 176301 con su denominación,
6_plandecuentas,plandecuentas,39,ficha_registro,tabla de códigos,no,códigos 322191 a 325202 con su denominación,
7_ri_spi,ri_spi,1,cuerpo,prosa normativa,sí,descripción del requerimiento: «Las entidades deberán remitir»,
7_ri_spi,ri_spi,3,cuerpo,prosa normativa,sí,"instrucciones generales: periodicidad diaria, base de datos a disposición en 5 días hábiles, no rectificación",
7_ri_spi,ri_spi,5,cuerpo,formulario o planilla,sí,"campos A.3.6 a A.3.16 del apartado A.3, con numeración de letra; «se deberán identificar»",
