id_ficha,indice,veredicto,observacion
FT0-1192da00,1,cumplido,
FT0-1192da00,2,cumplido,Da la suma y el neto de efectivo minimo; omite el parentesis sobre prestamos interfinancieros informados por la entidad otorgante - precision que no altera la regla.
FT0-1192da00,3,no_cumplido,No menciona el promedio mensual de saldos diarios; polcre 2.5 segundo parrafo.
FT0-1192da00,4,cumplido,Coincide con polcre S10.
FT0-e91a5852,1,cumplido,
FT0-e91a5852,2,cumplido,
FT0-e91a5852,3,cumplido,Da la razon (los ingresos pueden no seguir la evolucion de la UVI por ICC) pero omite el CVS que el punto nombra junto a ella.
FT0-33b41a1d,1,no_cumplido,Trae el 1.5.1.11 (no desconocer el ECHEQ librado) y no el 1.5.1.12 (no desconocer el deposito u operacion) que es lo preguntado.
FT0-33b41a1d,2,no_cumplido,El calificativo de los elementos de seguridad queda predicado del libramiento y no del deposito u operacion.
FT0-87b689c6,1,cumplido,Correcta sobre polcre 2.1.16; el limite cuantitativo que agrega corresponde a los destinos de importacion (2.1.6 y 2.1.7) y no a este destino.
FT0-87b689c6,2,cumplido,
FT0-87b689c6,3,cumplido,
FT0-2bde5203,1,no_cumplido,Declara no poder determinarlo y dice no hallar la Libreta Civica; docvig 1.2.2 la lista.
FT0-2bde5203,2,no_cumplido,No trata el DNI-m; docvig 1.2.3 lista DNI-m o DNI-d.
FT0-2bde5203,3,no_cumplido,Identifica el regimen 1.2 pero no vincula con el la validez de los dos documentos porque no la afirma.
FT0-24a617db,1,cumplido,Correcto: pagjub 1.2 no fija tiempo maximo. Aparte: la respuesta agrega asientos adecuados que no figura en pagjub.
FT0-24a617db,2,no_cumplido,Da el trato diferencial y la prioridad pero omite el acceso a todas las cajas de la casa o sucursal.
FT0-24a617db,3,no_cumplido,No trata los horarios de pago; pagjub 1.2 primer parrafo.
